"","ID","Genotype","Treatment","Species","species_geno","sumwu","canopy_biomass","root_biomass","TotalLeafArea","canopy_wu","root_wu","Leafarea_wu"
"1","9018.1","9018","Drought","acerifolia","acerifolia_9018",3.54119429016667,13,21.4234,1124.29,3.67107787225878,6.04976689911913,317.488933923217
"2","9018.1","9018","Drought","acerifolia","acerifolia_9018",3.54119429016667,13,21.4234,1124.29,3.67107787225878,6.04976689911913,317.488933923217
"3","9018.1","9018","Drought","acerifolia","acerifolia_9018",3.54119429016667,13,21.4234,1124.29,3.67107787225878,6.04976689911913,317.488933923217
"4","9018.10.","9018","Control","acerifolia","acerifolia_9018",12.8895250684,69.5,19.5466,8130.608302,5.39197523812467,1.51647170056874,630.79192280971
"5","9018.10.","9018","Control","acerifolia","acerifolia_9018",12.8895250684,69.5,19.5466,8130.608302,5.39197523812467,1.51647170056874,630.79192280971
"6","9018.10.","9018","Control","acerifolia","acerifolia_9018",12.8895250684,69.5,19.5466,8130.608302,5.39197523812467,1.51647170056874,630.79192280971
"7","9018.10.","9018","Control","acerifolia","acerifolia_9018",12.8895250684,69.5,19.5466,8130.608302,5.39197523812467,1.51647170056874,630.79192280971
"8","9018.2","9018","Drought","acerifolia","acerifolia_9018",0.925011143166667,5.3,9.3895,NA,5.72966070641708,10.1506885288497,NA
"9","9018.3","9018","Drought","acerifolia","acerifolia_9018",5.08554619216667,26.1,14.8834,1318.33,5.13219210164724,2.92660796650025,259.230759132744
"10","9018.3","9018","Drought","acerifolia","acerifolia_9018",5.08554619216667,26.1,14.8834,1318.33,5.13219210164724,2.92660796650025,259.230759132744
"11","9018.3","9018","Drought","acerifolia","acerifolia_9018",5.08554619216667,26.1,14.8834,1318.33,5.13219210164724,2.92660796650025,259.230759132744
"12","9018.4","9018","Drought","acerifolia","acerifolia_9018",4.46116829216667,26.3,20.3636,2353.282516,5.89531671472246,4.56463389551035,527.503640723913
"13","9018.4","9018","Drought","acerifolia","acerifolia_9018",4.46116829216667,26.3,20.3636,2353.282516,5.89531671472246,4.56463389551035,527.503640723913
"14","9018.4","9018","Drought","acerifolia","acerifolia_9018",4.46116829216667,26.3,20.3636,2353.282516,5.89531671472246,4.56463389551035,527.503640723913
"15","9018.4","9018","Drought","acerifolia","acerifolia_9018",4.46116829216667,26.3,20.3636,2353.282516,5.89531671472246,4.56463389551035,527.503640723913
"16","9018.5","9018","Drought","acerifolia","acerifolia_9018",2.7297722835,10.7,10.8305,NA,3.91974087533811,3.96754706078032,NA
"17","9018.5","9018","Drought","acerifolia","acerifolia_9018",2.7297722835,10.7,10.8305,NA,3.91974087533811,3.96754706078032,NA
"18","9018.5","9018","Drought","acerifolia","acerifolia_9018",2.7297722835,10.7,10.8305,NA,3.91974087533811,3.96754706078032,NA
"19","9018.5","9018","Drought","acerifolia","acerifolia_9018",2.7297722835,10.7,10.8305,NA,3.91974087533811,3.96754706078032,NA
"20","9018.6","9018","Control","acerifolia","acerifolia_9018",6.2432632324,26.6,8.7823,NA,4.2605924193548,1.40668424077066,NA
"21","9018.6","9018","Control","acerifolia","acerifolia_9018",6.2432632324,26.6,8.7823,NA,4.2605924193548,1.40668424077066,NA
"22","9018.6","9018","Control","acerifolia","acerifolia_9018",6.2432632324,26.6,8.7823,NA,4.2605924193548,1.40668424077066,NA
"23","9018.6","9018","Control","acerifolia","acerifolia_9018",6.2432632324,26.6,8.7823,NA,4.2605924193548,1.40668424077066,NA
"24","9018.6","9018","Control","acerifolia","acerifolia_9018",6.2432632324,26.6,8.7823,NA,4.2605924193548,1.40668424077066,NA
"25","9018.6","9018","Control","acerifolia","acerifolia_9018",6.2432632324,26.6,8.7823,NA,4.2605924193548,1.40668424077066,NA
"26","9018.6","9018","Control","acerifolia","acerifolia_9018",6.2432632324,26.6,8.7823,NA,4.2605924193548,1.40668424077066,NA
"27","9018.7","9018","Control","acerifolia","acerifolia_9018",11.6078820794,64.9,NA,NA,5.59102854044109,NA,NA
"28","9018.8","9018","Control","acerifolia","acerifolia_9018",14.2451866294,70.5,16.9217,7606.237241,4.9490401097658,1.18788896489963,533.951392767423
"29","9018.9","9018","Control","acerifolia","acerifolia_9018",14.2129122564,76.1,25.5808,7502.01863,5.35428620307795,1.79982818007485,527.831206909891
"30","9018.9","9018","Control","acerifolia","acerifolia_9018",14.2129122564,76.1,25.5808,7502.01863,5.35428620307795,1.79982818007485,527.831206909891
"31","9018.9","9018","Control","acerifolia","acerifolia_9018",14.2129122564,76.1,25.5808,7502.01863,5.35428620307795,1.79982818007485,527.831206909891
"32","9031.1","9031","Drought","berlandieri","berlandieri_9031",2.78223885741667,NA,NA,NA,NA,NA,NA
"33","9031.10.","9031","Control","berlandieri","berlandieri_9031",9.4876545954,NA,NA,NA,NA,NA,NA
"34","9031.11","9031","Control","berlandieri","berlandieri_9031",8.4430000004,NA,NA,NA,NA,NA,NA
"35","9031.2","9031","Drought","berlandieri","berlandieri_9031",6.57159308216666,NA,NA,NA,NA,NA,NA
"36","9031.3","9031","Drought","berlandieri","berlandieri_9031",2.43086513516667,NA,NA,NA,NA,NA,NA
"37","9031.4","9031","Drought","berlandieri","berlandieri_9031",5.65074303616666,NA,NA,NA,NA,NA,NA
"38","9031.5","9031","Drought","berlandieri","berlandieri_9031",5.6490418295,NA,NA,NA,NA,NA,NA
"39","9031.6","9031","Control","berlandieri","berlandieri_9031",7.9762137884,NA,NA,NA,NA,NA,NA
"40","9031.7","9031","Control","berlandieri","berlandieri_9031",11.7017813384,NA,NA,NA,NA,NA,NA
"41","9031.8","9031","Control","berlandieri","berlandieri_9031",9.1258718664,NA,NA,NA,NA,NA,NA
"42","9031.9","9031","Control","berlandieri","berlandieri_9031",9.1888189414,NA,NA,NA,NA,NA,NA
"43","9035.1","9035","Drought","berlandieri","berlandieri_9035",4.63763672216667,NA,NA,NA,NA,NA,NA
"44","9035.2","9035","Drought","berlandieri","berlandieri_9035",3.13211583016667,NA,NA,NA,NA,NA,NA
"45","9035.3","9035","Drought","berlandieri","berlandieri_9035",4.62948259016667,NA,NA,NA,NA,NA,NA
"46","9035.4","9035","Drought","berlandieri","berlandieri_9035",2.50134703016667,NA,NA,NA,NA,NA,NA
"47","9035.6","9035","Control","berlandieri","berlandieri_9035",6.7335719594,NA,NA,NA,NA,NA,NA
"48","9035.7","9035","Control","berlandieri","berlandieri_9035",10.0380236774,NA,NA,NA,NA,NA,NA
"49","9035.8","9035","Control","berlandieri","berlandieri_9035",10.1603676884,NA,NA,NA,NA,NA,NA
"50","9035.9","9035","Control","berlandieri","berlandieri_9035",9.9385835644,NA,NA,NA,NA,NA,NA
"51","b40-14.1","b40-14","Drought","arizonica","arizonica_b40-14",3.9582458215,24.9,10.5083,NA,6.29066539140917,2.65478711375683,NA
"52","b40-14.10","b40-14","Control","arizonica","arizonica_b40-14",12.7034665744,90.8,12.5614,NA,7.14765528513138,0.988816708134905,NA
"53","b40-14.10","b40-14","Control","arizonica","arizonica_b40-14",12.7034665744,90.8,12.5614,NA,7.14765528513138,0.988816708134905,NA
"54","b40-14.2","b40-14","Drought","arizonica","arizonica_b40-14",3.92647934016667,21,6.2407,1198.98,5.34830268560858,1.58938821762274,305.357521618618
"55","b40-14.2","b40-14","Drought","arizonica","arizonica_b40-14",3.92647934016667,21,6.2407,1198.98,5.34830268560858,1.58938821762274,305.357521618618
"56","b40-14.2","b40-14","Drought","arizonica","arizonica_b40-14",3.92647934016667,21,6.2407,1198.98,5.34830268560858,1.58938821762274,305.357521618618
"57","b40-14.2","b40-14","Drought","arizonica","arizonica_b40-14",3.92647934016667,21,6.2407,1198.98,5.34830268560858,1.58938821762274,305.357521618618
"58","b40-14.2","b40-14","Drought","arizonica","arizonica_b40-14",3.92647934016667,21,6.2407,1198.98,5.34830268560858,1.58938821762274,305.357521618618
"59","b40-14.3","b40-14","Drought","arizonica","arizonica_b40-14",4.95130431816667,33.1,6.8924,3763.422765,6.68510717035789,1.39203724051283,760.087145359203
"60","b40-14.3","b40-14","Drought","arizonica","arizonica_b40-14",4.95130431816667,33.1,6.8924,3763.422765,6.68510717035789,1.39203724051283,760.087145359203
"61","b40-14.3","b40-14","Drought","arizonica","arizonica_b40-14",4.95130431816667,33.1,6.8924,3763.422765,6.68510717035789,1.39203724051283,760.087145359203
"62","b40-14.3","b40-14","Drought","arizonica","arizonica_b40-14",4.95130431816667,33.1,6.8924,3763.422765,6.68510717035789,1.39203724051283,760.087145359203
"63","b40-14.4","b40-14","Drought","arizonica","arizonica_b40-14",2.7537444295,16,7.2299,NA,5.81027049155216,2.62547966417956,NA
"64","b40-14.5","b40-14","Drought","arizonica","arizonica_b40-14",3.83737070616667,23.8,5.2912,2702.946494,6.20216336194814,1.37886078910672,704.374609848445
"65","b40-14.6","b40-14","Control","arizonica","arizonica_b40-14",14.7117518094,98.5,9.4463,16561.11439,6.69532774044379,0.642092126239129,1125.70648312721
"66","b40-14.7","b40-14","Control","arizonica","arizonica_b40-14",15.9864756274,100.5,10.0306,15310.79234,6.28656386450483,0.627442860689573,957.734068274441
"67","b40-14.7","b40-14","Control","arizonica","arizonica_b40-14",15.9864756274,100.5,10.0306,15310.79234,6.28656386450483,0.627442860689573,957.734068274441
"68","b40-14.7","b40-14","Control","arizonica","arizonica_b40-14",15.9864756274,100.5,10.0306,15310.79234,6.28656386450483,0.627442860689573,957.734068274441
"69","b40-14.7","b40-14","Control","arizonica","arizonica_b40-14",15.9864756274,100.5,10.0306,15310.79234,6.28656386450483,0.627442860689573,957.734068274441
"70","b40-14.8","b40-14","Control","arizonica","arizonica_b40-14",15.1364331464,110.2,16.2299,NA,7.28044704681364,1.0722407216432,NA
"71","b40-14.8","b40-14","Control","arizonica","arizonica_b40-14",15.1364331464,110.2,16.2299,NA,7.28044704681364,1.0722407216432,NA
"72","b40-14.8","b40-14","Control","arizonica","arizonica_b40-14",15.1364331464,110.2,16.2299,NA,7.28044704681364,1.0722407216432,NA
"73","b40-14.9","b40-14","Control","arizonica","arizonica_b40-14",15.1956441504,113.6,11.3864,15575.09477,7.47582655105869,0.749319995079002,1024.97101247202
"74","b40-14.9","b40-14","Control","arizonica","arizonica_b40-14",15.1956441504,113.6,11.3864,15575.09477,7.47582655105869,0.749319995079002,1024.97101247202
"75","b40-14.9","b40-14","Control","arizonica","arizonica_b40-14",15.1956441504,113.6,11.3864,15575.09477,7.47582655105869,0.749319995079002,1024.97101247202
"76","b40-14.9","b40-14","Control","arizonica","arizonica_b40-14",15.1956441504,113.6,11.3864,15575.09477,7.47582655105869,0.749319995079002,1024.97101247202
"77","b42-34.1","b42-34","Drought","cinerea","cinerea_b42-34",2.4683400655,14,4.6441,719.19,5.6718278796662,1.88146684685413,291.365849484081
"78","b42-34.10","b42-34","Control","cinerea","cinerea_b42-34",11.0294275764,58.8,5.8358,5679.824052,5.33119235723676,0.529111774802079,514.969975790338
"79","b42-34.2","b42-34","Drought","cinerea","cinerea_b42-34",4.2749681995,25.2,7.3155,NA,5.89478069168968,1.71124079960539,NA
"80","b42-34.3","b42-34","Drought","cinerea","cinerea_b42-34",2.4082084495,11.2,4.1369,NA,4.65076019574858,1.71783302266003,NA
"81","b42-34.4","b42-34","Drought","cinerea","cinerea_b42-34",3.64529131816667,15.4,7.7942,NA,4.22462806285264,2.13815558749909,NA
"82","b42-34.5","b42-34","Drought","cinerea","cinerea_b42-34",2.7863275295,17.8,9.076,996.78,6.38833726887599,3.25733421642238,357.739709150011
"83","b42-34.6","b42-34","Control","cinerea","cinerea_b42-34",8.3326350974,42.1,4.933,NA,5.05242333402267,0.592009603485364,NA
"84","b42-34.7","b42-34","Control","cinerea","cinerea_b42-34",8.3238906674,51.3,6.4996,5261.433604,6.16298339920697,0.780836781705372,632.088264278395
"85","b42-34.8","b42-34","Control","cinerea","cinerea_b42-34",5.8169081706,23.9,6.1438,NA,4.10871193064318,1.05619683512492,NA
"86","b42-34.9","b42-34","Control","cinerea","cinerea_b42-34",11.0345016714,56.8,6.5107,5880.467708,5.14749117735133,0.590031176203896,532.91647263432
"87","NY1.1","NY1","Drought","riparia","riparia_NY1",3.9656928975,10.5,11.5974,NA,2.64770880433512,2.92443219879963,NA
"88","NY1.10","NY1","Control","riparia","riparia_NY1",14.5938969354,76.6,16.9374,7682.946288,5.24876942320961,1.16058103431685,526.449263141204
"89","NY1.2","NY1","Drought","riparia","riparia_NY1",4.40300116016667,16.4,13.4727,1520.51,3.72473215505108,3.05989017715589,345.334907870531
"90","NY1.3","NY1","Drought","riparia","riparia_NY1",0.968895776166666,4.5,10.5258,NA,4.64446239801331,10.8637071797797,NA
"91","NY1.4","NY1","Drought","riparia","riparia_NY1",5.17672539416667,17.1,15.416,1366.19,3.30324649232291,2.97794432313743,263.910077505651
"92","NY1.5","NY1","Drought","riparia","riparia_NY1",4.16477274816667,55.1,17.2454,6346.792707,13.2300135761921,4.14077815112275,1523.92293428107
"93","NY1.6","NY1","Control","riparia","riparia_NY1",9.8846128134,32.6,10.2164,NA,3.29805533260808,1.03356602760912,NA
"94","NY1.7","NY1","Control","riparia","riparia_NY1",10.4239029714,65.8,26.6014,NA,6.31241485847816,2.55196158991369,NA
"95","NY1.8","NY1","Control","riparia","riparia_NY1",11.4942869084,42.5,15.5129,4642.821206,3.69748905162104,1.34961830373863,403.924248889858
"96","NY1.9","NY1","Control","riparia","riparia_NY1",10.1728537594,NA,11.6567,NA,NA,1.14586332170841,NA
"97","SC2.1","SC2","Control","girdiana","girdiana_SC2",8.4804902524,NA,NA,NA,NA,NA,NA
"98","SC2.2","SC2","Drought","girdiana","girdiana_SC2",1.80919104016666,NA,NA,NA,NA,NA,NA
"99","SC2.4","SC2","Drought","girdiana","girdiana_SC2",4.34661908016667,NA,NA,NA,NA,NA,NA
"100","SC2.5","SC2","Drought","girdiana","girdiana_SC2",2.61935538616666,NA,NA,NA,NA,NA,NA
"101","SC2.6","SC2","Control","girdiana","girdiana_SC2",2.6803936644,NA,NA,NA,NA,NA,NA
"102","SC2.7","SC2","Control","girdiana","girdiana_SC2",8.1328955424,NA,NA,NA,NA,NA,NA
"103","SC2.8","SC2","Control","girdiana","girdiana_SC2",8.8856963784,NA,NA,NA,NA,NA,NA
"104","SC2.9","SC2","Drought","girdiana","girdiana_SC2",2.05648203416666,NA,NA,NA,NA,NA,NA
"105","T48.1","T48","Drought","mustangensis","mustangensis_T48",3.2188558495,10.7,11.1375,797.84,3.32416252863951,3.46008038903949,247.864470266331
"106","T48.10","T48","Control","mustangensis","mustangensis_T48",11.6147186644,49.5,14.169,4996.110979,4.26183374994018,1.21991762430106,430.153421994926
"107","T48.2","T48","Drought","mustangensis","mustangensis_T48",4.38607358416667,15.6,17.4062,954.4,3.5567118746741,3.9685152713431,217.597808537754
"108","T48.3","T48","Drought","mustangensis","mustangensis_T48",3.97844428916667,16.7,21.8026,1041.42,4.19762067436113,5.48018230627701,261.765636089412
"109","T48.4","T48","Drought","mustangensis","mustangensis_T48",4.9355327295,17.6,15.5723,NA,3.56597777070825,3.15514066129546,NA
"110","T48.5","T48","Drought","mustangensis","mustangensis_T48",1.64424257116667,6,13.9462,NA,3.64909661458449,8.48183853438638,NA
"111","T48.6","T48","Control","mustangensis","mustangensis_T48",14.6244726094,70,23.707,5906.512218,4.78649739170812,1.62104990950321,403.878647507845
"112","T48.7","T48","Control","mustangensis","mustangensis_T48",9.4105910864,41.3,18.5126,NA,4.38867225457134,1.96720905520526,NA
"113","T48.8","T48","Control","mustangensis","mustangensis_T48",7.2251002774,25.4,16.5155,3016.842794,3.51552214153356,2.2858506271062,417.550300780826
"114","T48.9","T48","Control","mustangensis","mustangensis_T48",8.1596044584,43.1,16.9534,NA,5.28211878648483,2.07772326298821,NA
"115","T52.1","T52","Drought","aestivalis","aestivalis_T52",3.1736135095,9.2,12.9733,1019.49,2.89890371731164,4.0878638691086,321.239494648049
"116","T52.1","T52","Drought","aestivalis","aestivalis_T52",3.1736135095,9.2,12.9733,1019.49,2.89890371731164,4.0878638691086,321.239494648049
"117","T52.1","T52","Drought","aestivalis","aestivalis_T52",3.1736135095,9.2,12.9733,1019.49,2.89890371731164,4.0878638691086,321.239494648049
"118","T52.10","T52","Control","aestivalis","aestivalis_T52",9.1226169914,45.3,16.4003,7265.738182,4.96568035715024,1.79776263932387,796.453275288166
"119","T52.10","T52","Control","aestivalis","aestivalis_T52",9.1226169914,45.3,16.4003,7265.738182,4.96568035715024,1.79776263932387,796.453275288166
"120","T52.10","T52","Control","aestivalis","aestivalis_T52",9.1226169914,45.3,16.4003,7265.738182,4.96568035715024,1.79776263932387,796.453275288166
"121","T52.2","T52","Drought","aestivalis","aestivalis_T52",1.9229839825,5.4,15.1459,NA,2.80813571467177,7.87624865200873,NA
"122","T52.2","T52","Drought","aestivalis","aestivalis_T52",1.9229839825,5.4,15.1459,NA,2.80813571467177,7.87624865200873,NA
"123","T52.3","T52","Drought","aestivalis","aestivalis_T52",2.6381302235,8.6,13.9521,NA,3.25988456649816,5.28863203026035,NA
"124","T52.3","T52","Drought","aestivalis","aestivalis_T52",2.6381302235,8.6,13.9521,NA,3.25988456649816,5.28863203026035,NA
"125","T52.3","T52","Drought","aestivalis","aestivalis_T52",2.6381302235,8.6,13.9521,NA,3.25988456649816,5.28863203026035,NA
"126","T52.4","T52","Drought","aestivalis","aestivalis_T52",4.59070357416667,16.7,22.0292,1808.980616,3.63778661161573,4.79865442063505,394.053021889651
"127","T52.4","T52","Drought","aestivalis","aestivalis_T52",4.59070357416667,16.7,22.0292,1808.980616,3.63778661161573,4.79865442063505,394.053021889651
"128","T52.4","T52","Drought","aestivalis","aestivalis_T52",4.59070357416667,16.7,22.0292,1808.980616,3.63778661161573,4.79865442063505,394.053021889651
"129","T52.4","T52","Drought","aestivalis","aestivalis_T52",4.59070357416667,16.7,22.0292,1808.980616,3.63778661161573,4.79865442063505,394.053021889651
"130","T52.5","T52","Drought","aestivalis","aestivalis_T52",2.53001230216667,7.2,22.8169,498.04,2.84583596444729,9.01849369683298,196.85279774074
"131","T52.6","T52","Control","aestivalis","aestivalis_T52",15.7331810574,72.2,28.3423,9870.327082,4.58902746600257,1.80143480816738,627.357369497604
"132","T52.6","T52","Control","aestivalis","aestivalis_T52",15.7331810574,72.2,28.3423,9870.327082,4.58902746600257,1.80143480816738,627.357369497604
"133","T52.7","T52","Control","aestivalis","aestivalis_T52",10.0906072414,48.4,17.2801,NA,4.79653987536283,1.71249356818713,NA
"134","T52.7","T52","Control","aestivalis","aestivalis_T52",10.0906072414,48.4,17.2801,NA,4.79653987536283,1.71249356818713,NA
"135","T52.7","T52","Control","aestivalis","aestivalis_T52",10.0906072414,48.4,17.2801,NA,4.79653987536283,1.71249356818713,NA
"136","T52.8","T52","Control","aestivalis","aestivalis_T52",11.9734930364,59.8,23.1824,9182.839267,4.99436545527734,1.93614344030805,766.930689238614
"137","T52.8","T52","Control","aestivalis","aestivalis_T52",11.9734930364,59.8,23.1824,9182.839267,4.99436545527734,1.93614344030805,766.930689238614
"138","T52.8","T52","Control","aestivalis","aestivalis_T52",11.9734930364,59.8,23.1824,9182.839267,4.99436545527734,1.93614344030805,766.930689238614
"139","T52.9","T52","Control","aestivalis","aestivalis_T52",8.7722089124,45.6,30.1568,NA,5.19823461289686,3.43776582399579,NA
"140","TX6704.1","TX6704","Drought","monticola","monticola_TX6704",3.0657393215,NA,NA,NA,NA,NA,NA
"141","TX6704.10","TX6704","Control","monticola","monticola_TX6704",8.1910891374,NA,NA,NA,NA,NA,NA
"142","TX6704.2","TX6704","Drought","monticola","monticola_TX6704",3.71447377016667,NA,NA,NA,NA,NA,NA
"143","TX6704.3","TX6704","Drought","monticola","monticola_TX6704",6.07341248816667,NA,NA,NA,NA,NA,NA
"144","TX6704.4","TX6704","Drought","monticola","monticola_TX6704",1.6987701945,NA,NA,NA,NA,NA,NA
"145","TX6704.5","TX6704","Drought","monticola","monticola_TX6704",5.64130988916666,NA,NA,NA,NA,NA,NA
"146","TX6704.6","TX6704","Control","monticola","monticola_TX6704",10.9595292494,NA,NA,NA,NA,NA,NA
"147","TX6704.7","TX6704","Control","monticola","monticola_TX6704",14.9469521834,NA,NA,NA,NA,NA,NA
"148","TX6704.8","TX6704","Control","monticola","monticola_TX6704",13.6180905304,NA,NA,NA,NA,NA,NA
"149","TX6704.9","TX6704","Control","monticola","monticola_TX6704",12.6806448484,NA,NA,NA,NA,NA,NA
"150","TXNM0821.1","TXNM0821","Drought","riparia","riparia_TXNM0821",3.0873567775,15.9,10.5526,1193.22,5.15003646999136,3.41800470775037,386.485944447993
"151","TXNM0821.10","TXNM0821","Control","riparia","riparia_TXNM0821",8.6685389964,41.9,9.7118,NA,4.83357114934833,1.1203502694091,NA
"152","TXNM0821.10","TXNM0821","Control","riparia","riparia_TXNM0821",8.6685389964,41.9,9.7118,NA,4.83357114934833,1.1203502694091,NA
"153","TXNM0821.10","TXNM0821","Control","riparia","riparia_TXNM0821",8.6685389964,41.9,9.7118,NA,4.83357114934833,1.1203502694091,NA
"154","TXNM0821.2","TXNM0821","Drought","riparia","riparia_TXNM0821",4.79445287816667,23,10.5019,1834.841647,4.79721056488824,2.19042720136521,382.700944951537
"155","TXNM0821.2","TXNM0821","Drought","riparia","riparia_TXNM0821",4.79445287816667,23,10.5019,1834.841647,4.79721056488824,2.19042720136521,382.700944951537
"156","TXNM0821.2","TXNM0821","Drought","riparia","riparia_TXNM0821",4.79445287816667,23,10.5019,1834.841647,4.79721056488824,2.19042720136521,382.700944951537
"157","TXNM0821.3","TXNM0821","Drought","riparia","riparia_TXNM0821",3.41887349016667,16.7,8.5535,1742.87,4.88464988483264,2.50184747245006,509.779026633429
"158","TXNM0821.3","TXNM0821","Drought","riparia","riparia_TXNM0821",3.41887349016667,16.7,8.5535,1742.87,4.88464988483264,2.50184747245006,509.779026633429
"159","TXNM0821.3","TXNM0821","Drought","riparia","riparia_TXNM0821",3.41887349016667,16.7,8.5535,1742.87,4.88464988483264,2.50184747245006,509.779026633429
"160","TXNM0821.3","TXNM0821","Drought","riparia","riparia_TXNM0821",3.41887349016667,16.7,8.5535,1742.87,4.88464988483264,2.50184747245006,509.779026633429
"161","TXNM0821.3","TXNM0821","Drought","riparia","riparia_TXNM0821",3.41887349016667,16.7,8.5535,1742.87,4.88464988483264,2.50184747245006,509.779026633429
"162","TXNM0821.4","TXNM0821","Drought","riparia","riparia_TXNM0821",4.2968340295,16.1,9.3114,NA,3.7469448178508,2.1670373898718,NA
"163","TXNM0821.4","TXNM0821","Drought","riparia","riparia_TXNM0821",4.2968340295,16.1,9.3114,NA,3.7469448178508,2.1670373898718,NA
"164","TXNM0821.4","TXNM0821","Drought","riparia","riparia_TXNM0821",4.2968340295,16.1,9.3114,NA,3.7469448178508,2.1670373898718,NA
"165","TXNM0821.5","TXNM0821","Control","riparia","riparia_TXNM0821",9.8098328694,52.9,13.4268,5713.422256,5.39254854840718,1.36870833364373,582.417899679207
"166","TXNM0821.5","TXNM0821","Control","riparia","riparia_TXNM0821",9.8098328694,52.9,13.4268,5713.422256,5.39254854840718,1.36870833364373,582.417899679207
"167","TXNM0821.5","TXNM0821","Control","riparia","riparia_TXNM0821",9.8098328694,52.9,13.4268,5713.422256,5.39254854840718,1.36870833364373,582.417899679207
"168","TXNM0821.5","TXNM0821","Control","riparia","riparia_TXNM0821",9.8098328694,52.9,13.4268,5713.422256,5.39254854840718,1.36870833364373,582.417899679207
"169","TXNM0821.6","TXNM0821","Control","riparia","riparia_TXNM0821",6.5762590524,45.9,12.6397,NA,6.97965205358643,1.92201978347966,NA
"170","TXNM0821.7","TXNM0821","Control","riparia","riparia_TXNM0821",10.8141685234,52.8,18.1925,5499.96894,4.88248355717316,1.68228375215668,508.589165047596
"171","TXNM0821.8","TXNM0821","Drought","riparia","riparia_TXNM0821",4.71869475416667,24.8,14.7125,2165.060221,5.25569067126058,3.11791729842425,458.826080896253
"172","TXNM0821.9","TXNM0821","Control","riparia","riparia_TXNM0821",9.8617567316,56.8,19.7714,5701.947288,5.75962290957715,2.00485578159179,578.187785724755
"173","TXNM0821.9","TXNM0821","Control","riparia","riparia_TXNM0821",9.8617567316,56.8,19.7714,5701.947288,5.75962290957715,2.00485578159179,578.187785724755
"174","TXNM0821.9","TXNM0821","Control","riparia","riparia_TXNM0821",9.8617567316,56.8,19.7714,5701.947288,5.75962290957715,2.00485578159179,578.187785724755
"175","V60-96.1","V60-96","Drought","vulpina","vulpina_V60-96",0.320456685499999,1.1,4.9356,156.64,3.43260119002886,15.4017694850058,488.802409460109
"176","V60-96.10","V60-96","Control","vulpina","vulpina_V60-96",5.3455626734,33.2,NA,NA,6.21075872240844,NA,NA
"177","V60-96.2","V60-96","Drought","vulpina","vulpina_V60-96",1.70631917416667,2.3,NA,271.82,1.34793070066933,NA,159.30196654606
"178","V60-96.3","V60-96","Drought","vulpina","vulpina_V60-96",1.9059616995,7.5,NA,NA,3.93502136059057,NA,NA
"179","V60-96.4","V60-96","Drought","vulpina","vulpina_V60-96",2.70401973016667,10.5,NA,NA,3.88310776096031,NA,NA
"180","V60-96.5","V60-96","Drought","vulpina","vulpina_V60-96",0.855571263166667,2.4,NA,NA,2.80514330403881,NA,NA
"181","V60-96.6","V60-96","Control","vulpina","vulpina_V60-96",4.4566147636,25.1,NA,3941.207589,5.63207755918407,NA,884.350072433979
"182","V60-96.7","V60-96","Control","vulpina","vulpina_V60-96",7.8041610956,41.6,5.9905,6372.029907,5.3304896567876,0.767603324254474,816.491334423192
"183","V60-96.8","V60-96","Control","vulpina","vulpina_V60-96",4.6493279956,15.4,NA,NA,3.31230664185752,NA,NA
"184","V60-96.9","V60-96","Control","vulpina","vulpina_V60-96",8.4673718654,46,NA,7065.503614,5.43261837689787,NA,834.438799466406
"185","Vru42.1","Vru42","Drought","rupestris","rupestris_Vru42",4.4382713555,14.4,17.4022,NA,3.24450644103931,3.92094097140654,NA
"186","Vru42.1","Vru42","Drought","rupestris","rupestris_Vru42",4.4382713555,14.4,17.4022,NA,3.24450644103931,3.92094097140654,NA
"187","Vru42.1","Vru42","Drought","rupestris","rupestris_Vru42",4.4382713555,14.4,17.4022,NA,3.24450644103931,3.92094097140654,NA
"188","Vru42.10","Vru42","Control","rupestris","rupestris_Vru42",9.6422367704,45,22.0371,NA,4.66696691561674,2.28547592480306,NA
"189","Vru42.2","Vru42","Drought","rupestris","rupestris_Vru42",3.92220543216667,12.8,17.1116,1315.46,3.26347006075333,4.36274955403021,335.387837978014
"190","Vru42.2","Vru42","Drought","rupestris","rupestris_Vru42",3.92220543216667,12.8,17.1116,1315.46,3.26347006075333,4.36274955403021,335.387837978014
"191","Vru42.2","Vru42","Drought","rupestris","rupestris_Vru42",3.92220543216667,12.8,17.1116,1315.46,3.26347006075333,4.36274955403021,335.387837978014
"192","Vru42.2","Vru42","Drought","rupestris","rupestris_Vru42",3.92220543216667,12.8,17.1116,1315.46,3.26347006075333,4.36274955403021,335.387837978014
"193","Vru42.2","Vru42","Drought","rupestris","rupestris_Vru42",3.92220543216667,12.8,17.1116,1315.46,3.26347006075333,4.36274955403021,335.387837978014
"194","Vru42.3","Vru42","Drought","rupestris","rupestris_Vru42",5.77199559016667,18.8,16.707,2096.875459,3.25710574554634,2.89449285589589,363.284314106597
"195","Vru42.4","Vru42","Drought","rupestris","rupestris_Vru42",3.2154282725,9.8,15.2759,NA,3.04780550815412,4.75081348591955,NA
"196","Vru42.4","Vru42","Drought","rupestris","rupestris_Vru42",3.2154282725,9.8,15.2759,NA,3.04780550815412,4.75081348591955,NA
"197","Vru42.4","Vru42","Drought","rupestris","rupestris_Vru42",3.2154282725,9.8,15.2759,NA,3.04780550815412,4.75081348591955,NA
"198","Vru42.5","Vru42","Drought","rupestris","rupestris_Vru42",4.10026857016666,13.2,16.0623,1494.83,3.21930131505105,3.91737753884427,364.568801877103
"199","Vru42.6","Vru42","Control","rupestris","rupestris_Vru42",16.4269805004,72.7,19.1472,10496.32272,4.42564596690364,1.16559461427094,638.968477484003
"200","Vru42.6","Vru42","Control","rupestris","rupestris_Vru42",16.4269805004,13.2,19.1472,10496.32272,0.803556076521706,1.16559461427094,638.968477484003
"201","Vru42.6","Vru42","Control","rupestris","rupestris_Vru42",16.4269805004,13.2,19.1472,10496.32272,0.803556076521706,1.16559461427094,638.968477484003
"202","Vru42.6","Vru42","Control","rupestris","rupestris_Vru42",16.4269805004,13.2,19.1472,10496.32272,0.803556076521706,1.16559461427094,638.968477484003
"203","Vru42.7","Vru42","Control","rupestris","rupestris_Vru42",12.7759958234,69.2,29.2559,NA,5.41640753147837,2.2899115187887,NA
"204","Vru42.7","Vru42","Control","rupestris","rupestris_Vru42",12.7759958234,69.2,29.2559,NA,5.41640753147837,2.2899115187887,NA
"205","Vru42.7","Vru42","Control","rupestris","rupestris_Vru42",12.7759958234,69.2,29.2559,NA,5.41640753147837,2.2899115187887,NA
"206","Vru42.7","Vru42","Control","rupestris","rupestris_Vru42",12.7759958234,69.2,29.2559,NA,5.41640753147837,2.2899115187887,NA
"207","Vru42.7","Vru42","Control","rupestris","rupestris_Vru42",12.7759958234,69.2,29.2559,NA,5.41640753147837,2.2899115187887,NA
"208","Vru42.7","Vru42","Control","rupestris","rupestris_Vru42",12.7759958234,69.2,29.2559,NA,5.41640753147837,2.2899115187887,NA
"209","Vru42.8","Vru42","Control","rupestris","rupestris_Vru42",12.2875793874,59.6,25.3618,8529.627308,4.85042644453759,2.06401921813882,694.166608335121
"210","Vru42.9","Vru42","Control","rupestris","rupestris_Vru42",10.9457541784,53.8,17.736,8751.353116,4.91514783934826,1.62035431373013,799.520341254296
