"","Code_Date","ID","Date","Treatment","species_geno","Genotype","gsw_porometer"
"1","9018.1_10.27","9018.1","10/26-27","Drought","9018","9018",0.532176666666667
"2","9018.1_11.06","9018.1","11/06","Drought","9018","9018",0.1711625
"3","9018.1_11.11","9018.1","11/11","Drought","9018","9018",0.1908995
"4","9018.1_11.17","9018.1","11/16-17","Drought","9018","9018",0.0847655
"5","9018.1_11.20","9018.1","11/02-03","Drought","9018","9018",0.0160705
"6","9018.1_11.24","9018.1","11/23-24","Drought","9018","9018",0.1704195
"7","9018.1_11.30","9018.1","11/02-03","Drought","9018","9018",0.0055285
"8","9018.1_12.02","9018.1","12/02","Drought","9018","9018",0.014831
"9","9018.10_10.27","9018.10.","10/26-27","Control","9018","9018",0.548548
"10","9018.10_11.06","9018.10.","11/06","Control","9018","9018",0.4035655
"11","9018.10_11.11","9018.10.","11/11","Control","9018","9018",0.2384575
"12","9018.10_11.16","9018.10.","11/16-17","Control","9018","9018",0.418025
"13","9018.10_11.23","9018.10.","11/23-24","Control","9018","9018",0.157207
"14","9018.10_11.30","9018.10.","11/02-03","Control","9018","9018",0.195755
"15","9018.2_10.27","9018.2","10/26-27","Drought","9018","9018",0.150656
"16","9018.2_11.06","9018.2","11/06","Drought","9018","9018",0.0375545
"17","9018.2_11.11","9018.2","11/11","Drought","9018","9018",0.032369
"18","9018.2_11.17","9018.2","11/16-17","Drought","9018","9018",0.0350055
"19","9018.2_11.24","9018.2","11/23-24","Drought","9018","9018",0.030693
"20","9018.2_11.30","9018.2","11/02-03","Drought","9018","9018",0.015929
"21","9018.2_12.02","9018.2","12/02","Drought","9018","9018",0.0112385
"22","9018.3_10.26","9018.3","10/26-27","Drought","9018","9018",0.314804333333333
"23","9018.3_11.06","9018.3","11/06","Drought","9018","9018",0.093437
"24","9018.3_11.11","9018.3","11/11","Drought","9018","9018",0.1105105
"25","9018.3_11.16","9018.3","11/16-17","Drought","9018","9018",0.025651
"26","9018.3_11.20","9018.3","11/02-03","Drought","9018","9018",0.039017
"27","9018.3_11.23","9018.3","11/23-24","Drought","9018","9018",0.078814
"28","9018.3_11.30","9018.3","11/02-03","Drought","9018","9018",0.005101
"29","9018.4_10.27","9018.4","10/26-27","Drought","9018","9018",0.228753
"30","9018.4_11.06","9018.4","11/06","Drought","9018","9018",0.113349
"31","9018.4_11.11","9018.4","11/11","Drought","9018","9018",0.058564
"32","9018.4_11.16","9018.4","11/16-17","Drought","9018","9018",0.014828
"33","9018.4_11.20","9018.4","11/02-03","Drought","9018","9018",0.0110305
"34","9018.4_11.23","9018.4","11/23-24","Drought","9018","9018",0.008478
"35","9018.4_11.30","9018.4","11/02-03","Drought","9018","9018",0.002391
"36","9018.5_10.26","9018.5","10/26-27","Drought","9018","9018",0.2285335
"37","9018.5_11.06","9018.5","11/06","Drought","9018","9018",0.1477795
"38","9018.5_11.11","9018.5","11/11","Drought","9018","9018",0.1432045
"39","9018.5_11.16","9018.5","11/16-17","Drought","9018","9018",0.069312
"40","9018.5_11.20","9018.5","11/02-03","Drought","9018","9018",0.0076015
"41","9018.5_11.23","9018.5","11/23-24","Drought","9018","9018",0.0822275
"42","9018.5_11.30","9018.5","11/02-03","Drought","9018","9018",0.023951
"43","9018.6_10.26","9018.6","10/26-27","Control","9018","9018",0.529488
"44","9018.6_11.06","9018.6","11/06","Control","9018","9018",0.3988215
"45","9018.6_11.11","9018.6","11/11","Control","9018","9018",0.332565
"46","9018.6_11.16","9018.6","11/16-17","Control","9018","9018",0.5238005
"47","9018.6_11.20","9018.6","11/02-03","Control","9018","9018",0.090684
"48","9018.6_11.23","9018.6","11/23-24","Control","9018","9018",0.2662665
"49","9018.6_11.30","9018.6","11/02-03","Control","9018","9018",0.4980945
"50","9018.7_10.27","9018.7","10/26-27","Control","9018","9018",0.0794293333333333
"51","9018.7_11.06","9018.7","11/06","Control","9018","9018",0.082426
"52","9018.7_11.11","9018.7","11/11","Control","9018","9018",0.1080455
"53","9018.7_11.17","9018.7","11/16-17","Control","9018","9018",0.3692785
"54","9018.7_11.24","9018.7","11/23-24","Control","9018","9018",0.1133955
"55","9018.7_11.30","9018.7","11/02-03","Control","9018","9018",0.1328735
"56","9018.7_12.02","9018.7","12/02","Control","9018","9018",0.15836075
"57","9018.8_10.26","9018.8","10/26-27","Control","9018","9018",0.355719
"58","9018.8_11.06","9018.8","11/06","Control","9018","9018",0.4713685
"59","9018.8_11.11","9018.8","11/11","Control","9018","9018",0.138084
"60","9018.8_11.16","9018.8","11/16-17","Control","9018","9018",0.3979885
"61","9018.8_11.20","9018.8","11/02-03","Control","9018","9018",0.6589525
"62","9018.8_11.23","9018.8","11/23-24","Control","9018","9018",0.567737
"63","9018.8_11.30","9018.8","11/02-03","Control","9018","9018",0.082911
"64","9018.9_10.27","9018.9","10/26-27","Control","9018","9018",0.656282666666667
"65","9018.9_11.06","9018.9","11/06","Control","9018","9018",0.4260975
"66","9018.9_11.11","9018.9","11/11","Control","9018","9018",0.347312
"67","9018.9_11.20","9018.9","11/02-03","Control","9018","9018",0.163362
"68","9018.9_11.24","9018.9","11/23-24","Control","9018","9018",0.1951615
"69","9018.9_11.30","9018.9","11/02-03","Control","9018","9018",0.304307
"70","9018.9_12.02","9018.9","12/02","Control","9018","9018",0.312426
"71","9031.1_10.27","9031.1","10/26-27","Drought","9031","9031",0.180759666666667
"72","9031.1_11.06","9031.1","11/06","Drought","9031","9031",0.2372265
"73","9031.1_11.11","9031.1","11/11","Drought","9031","9031",0.10364
"74","9031.1_11.24","9031.1","11/23-24","Drought","9031","9031",0.041856
"75","9031.1_11.30","9031.1","11/02-03","Drought","9031","9031",0.026088
"76","9031.1_12.02","9031.1","12/02","Drought","9031","9031",0.0200096666666667
"77","9031.10_10.26","9031.10.","10/26-27","Control","9031","9031",0.258026333333333
"78","9031.10_11.06","9031.10.","11/06","Control","9031","9031",0.280507
"79","9031.10_11.11","9031.10.","11/11","Control","9031","9031",0.186418
"80","9031.10_11.16","9031.10.","11/16-17","Control","9031","9031",0.505125
"81","9031.10_11.20","9031.10.","11/02-03","Control","9031","9031",0.315137
"82","9031.10_11.23","9031.10.","11/23-24","Control","9031","9031",0.132189
"83","9031.10_11.30","9031.10.","11/02-03","Control","9031","9031",0.401034
"84","9031.11_10.26","9031.11","10/26-27","Control","9031","9031",0.231329666666667
"85","9031.11_11.06","9031.11","11/06","Control","9031","9031",0.1383845
"86","9031.11_11.11","9031.11","11/11","Control","9031","9031",0.0946115
"87","9031.11_11.16","9031.11","11/16-17","Control","9031","9031",0.197565
"88","9031.11_11.20","9031.11","11/02-03","Control","9031","9031",0.1005315
"89","9031.11_11.23","9031.11","11/23-24","Control","9031","9031",0.200521
"90","9031.11_11.30","9031.11","11/02-03","Control","9031","9031",0.378153
"91","9031.2_10.27","9031.2","10/26-27","Drought","9031","9031",0.454940333333333
"92","9031.2_11.06","9031.2","11/06","Drought","9031","9031",0.1289925
"93","9031.2_11.11","9031.2","11/11","Drought","9031","9031",0.0902723333333333
"94","9031.2_11.23","9031.2","11/23-24","Drought","9031","9031",0.028055
"95","9031.2_11.30","9031.2","11/02-03","Drought","9031","9031",0.0110195
"96","9031.2_12.02","9031.2","12/02","Drought","9031","9031",0.019408
"97","9031.3_10.27","9031.3","10/26-27","Drought","9031","9031",0.346955666666667
"98","9031.3_11.06","9031.3","11/06","Drought","9031","9031",0.1047585
"99","9031.3_11.11","9031.3","11/11","Drought","9031","9031",0.1056605
"100","9031.3_11.17","9031.3","11/16-17","Drought","9031","9031",0.0194785
"101","9031.3_11.24","9031.3","11/23-24","Drought","9031","9031",0.025173
"102","9031.3_11.30","9031.3","11/02-03","Drought","9031","9031",0.0314195
"103","9031.3_12.02","9031.3","12/02","Drought","9031","9031",0.0132295
"104","9031.4_10.26","9031.4","10/26-27","Drought","9031","9031",0.225244333333333
"105","9031.4_11.06","9031.4","11/06","Drought","9031","9031",0.2363515
"106","9031.4_11.11","9031.4","11/11","Drought","9031","9031",0.1378505
"107","9031.4_11.16","9031.4","11/16-17","Drought","9031","9031",0.0928135
"108","9031.4_11.23","9031.4","11/23-24","Drought","9031","9031",0.0535285
"109","9031.4_11.30","9031.4","11/02-03","Drought","9031","9031",0.0372445
"110","9031.5_10.26","9031.5","10/26-27","Drought","9031","9031",0.399624333333333
"111","9031.5_11.06","9031.5","11/06","Drought","9031","9031",0.3289395
"112","9031.5_11.11","9031.5","11/11","Drought","9031","9031",0.1349295
"113","9031.5_11.16","9031.5","11/16-17","Drought","9031","9031",0.022512
"114","9031.5_11.20","9031.5","11/02-03","Drought","9031","9031",0.02048
"115","9031.5_11.23","9031.5","11/23-24","Drought","9031","9031",0.0539705
"116","9031.5_11.30","9031.5","11/02-03","Drought","9031","9031",0.023203
"117","9031.6_10.27","9031.6","10/26-27","Control","9031","9031",0.120471666666667
"118","9031.6_11.06","9031.6","11/06","Control","9031","9031",0.1995695
"119","9031.6_11.11","9031.6","11/11","Control","9031","9031",0.161262
"120","9031.6_11.17","9031.6","11/16-17","Control","9031","9031",0.312732
"121","9031.6_11.24","9031.6","11/23-24","Control","9031","9031",0.1943415
"122","9031.6_11.30","9031.6","11/02-03","Control","9031","9031",0.1724325
"123","9031.6_12.02","9031.6","12/02","Control","9031","9031",0.110992666666667
"124","9031.7_10.26","9031.7","10/26-27","Control","9031","9031",0.310544333333333
"125","9031.7_11.06","9031.7","11/06","Control","9031","9031",0.281658
"126","9031.7_11.11","9031.7","11/11","Control","9031","9031",0.148967
"127","9031.7_11.16","9031.7","11/16-17","Control","9031","9031",0.5169795
"128","9031.7_11.23","9031.7","11/23-24","Control","9031","9031",0.256329
"129","9031.7_11.30","9031.7","11/02-03","Control","9031","9031",0.330149
"130","9031.8_10.27","9031.8","10/26-27","Control","9031","9031",0.130678333333333
"131","9031.8_11.06","9031.8","11/06","Control","9031","9031",0.2280275
"132","9031.8_11.11","9031.8","11/11","Control","9031","9031",0.1837205
"133","9031.8_11.17","9031.8","11/16-17","Control","9031","9031",0.3344665
"134","9031.8_11.24","9031.8","11/23-24","Control","9031","9031",0.320166
"135","9031.8_11.30","9031.8","11/02-03","Control","9031","9031",0.417288
"136","9031.8_12.02","9031.8","12/02","Control","9031","9031",0.292182333333333
"137","9031.9_10.27","9031.9","10/26-27","Control","9031","9031",0.224632
"138","9031.9_11.06","9031.9","11/06","Control","9031","9031",0.4397865
"139","9031.9_11.11","9031.9","11/11","Control","9031","9031",0.196853
"140","9031.9_11.23","9031.9","11/23-24","Control","9031","9031",0.1977195
"141","9031.9_11.30","9031.9","11/02-03","Control","9031","9031",0.2454095
"142","9031.9_12.02","9031.9","12/02","Control","9031","9031",0.287208666666667
"143","9035.1_10.27","9035.1","10/26-27","Drought","9035","9035",0.143348333333333
"144","9035.1_11.06","9035.1","11/06","Drought","9035","9035",0.045816
"145","9035.1_11.11","9035.1","11/11","Drought","9035","9035",0.083319
"146","9035.1_11.23","9035.1","11/23-24","Drought","9035","9035",0.017897
"147","9035.1_11.30","9035.1","11/02-03","Drought","9035","9035",0.0101405
"148","9035.1_12.02","9035.1","12/02","Drought","9035","9035",0.0143775
"149","9035.2_10.26","9035.2","10/26-27","Drought","9035","9035",0.0999025
"150","9035.2_11.06","9035.2","11/06","Drought","9035","9035",0.0428205
"151","9035.2_11.11","9035.2","11/11","Drought","9035","9035",0.043527
"152","9035.2_11.16","9035.2","11/16-17","Drought","9035","9035",0.035047
"153","9035.2_11.23","9035.2","11/23-24","Drought","9035","9035",0.0131995
"154","9035.2_11.30","9035.2","11/02-03","Drought","9035","9035",0.0341615
"155","9035.3_10.27","9035.3","10/26-27","Drought","9035","9035",0.257140333333333
"156","9035.3_11.06","9035.3","11/06","Drought","9035","9035",0.044927
"157","9035.3_11.11","9035.3","11/11","Drought","9035","9035",0.0694125
"158","9035.3_11.17","9035.3","11/16-17","Drought","9035","9035",0.0467765
"159","9035.3_11.24","9035.3","11/23-24","Drought","9035","9035",0.05478
"160","9035.3_11.30","9035.3","11/02-03","Drought","9035","9035",0.002743
"161","9035.3_12.02","9035.3","12/02","Drought","9035","9035",0.0254845
"162","9035.4_10.27","9035.4","10/26-27","Drought","9035","9035",0.068648
"163","9035.4_11.06","9035.4","11/06","Drought","9035","9035",0.0312065
"164","9035.4_11.11","9035.4","11/11","Drought","9035","9035",0.121167
"165","9035.4_11.17","9035.4","11/16-17","Drought","9035","9035",0.018556
"166","9035.4_11.24","9035.4","11/23-24","Drought","9035","9035",0.017491
"167","9035.4_11.30","9035.4","11/02-03","Drought","9035","9035",0.014386
"168","9035.4_12.02","9035.4","12/02","Drought","9035","9035",0.00418533333333333
"169","9035.6_10.27","9035.6","10/26-27","Control","9035","9035",0.198688333333333
"170","9035.6_11.06","9035.6","11/06","Control","9035","9035",0.1206675
"171","9035.6_11.11","9035.6","11/11","Control","9035","9035",0.1523665
"172","9035.6_11.17","9035.6","11/16-17","Control","9035","9035",0.3022855
"173","9035.6_11.24","9035.6","11/23-24","Control","9035","9035",0.1783555
"174","9035.6_11.30","9035.6","11/02-03","Control","9035","9035",0.0910435
"175","9035.6_12.02","9035.6","12/02","Control","9035","9035",0.162963666666667
"176","9035.7_10.26","9035.7","10/26-27","Control","9035","9035",0.294555333333333
"177","9035.7_11.06","9035.7","11/06","Control","9035","9035",0.3734615
"178","9035.7_11.11","9035.7","11/11","Control","9035","9035",0.074332
"179","9035.7_11.16","9035.7","11/16-17","Control","9035","9035",0.4921755
"180","9035.7_11.23","9035.7","11/23-24","Control","9035","9035",0.480917
"181","9035.7_11.30","9035.7","11/02-03","Control","9035","9035",0.776997
"182","9035.8_10.27","9035.8","10/26-27","Control","9035","9035",0.309987
"183","9035.8_11.06","9035.8","11/06","Control","9035","9035",0.554567
"184","9035.8_11.11","9035.8","11/11","Control","9035","9035",0.1150455
"185","9035.8_11.16","9035.8","11/16-17","Control","9035","9035",0.785909
"186","9035.8_11.23","9035.8","11/23-24","Control","9035","9035",0.0594735
"187","9035.8_11.30","9035.8","11/02-03","Control","9035","9035",0.105004
"188","9035.9_10.27","9035.9","10/26-27","Control","9035","9035",0.112513333333333
"189","9035.9_11.06","9035.9","11/06","Control","9035","9035",0.156299
"190","9035.9_11.11","9035.9","11/11","Control","9035","9035",0.1836175
"191","9035.9_11.17","9035.9","11/16-17","Control","9035","9035",0.478101
"192","9035.9_11.24","9035.9","11/23-24","Control","9035","9035",0.132593
"193","9035.9_11.30","9035.9","11/02-03","Control","9035","9035",0.0758815
"194","9035.9_12.02","9035.9","12/02","Control","9035","9035",0.161884666666667
"195","b40-14.1_10.26","b40-14.1","10/26-27","Drought","b40-14","b40-14",0.14464375
"196","b40-14.1_11.06","b40-14.1","11/06","Drought","b40-14","b40-14",0.061942
"197","b40-14.1_11.11","b40-14.1","11/11","Drought","b40-14","b40-14",0.0192495
"198","b40-14.1_11.16","b40-14.1","11/16-17","Drought","b40-14","b40-14",0.0021915
"199","b40-14.1_11.20","b40-14.1","11/02-03","Drought","b40-14","b40-14",0.002914
"200","b40-14.1_11.23","b40-14.1","11/23-24","Drought","b40-14","b40-14",0.0302995
"201","b40-14.1_11.30","b40-14.1","11/02-03","Drought","b40-14","b40-14",0.007472
"202","b40-14.10_10.26","b40-14.10.","10/26-27","Control","b40-14","b40-14",0.1613275
"203","b40-14.10_11.06","b40-14.10.","11/06","Control","b40-14","b40-14",0.0884885
"204","b40-14.10_11.11","b40-14.10.","11/11","Control","b40-14","b40-14",0.0205075
"205","b40-14.10_11.16","b40-14.10.","11/16-17","Control","b40-14","b40-14",0.0585985
"206","b40-14.10_11.20","b40-14.10.","11/02-03","Control","b40-14","b40-14",0.019414
"207","b40-14.10_11.23","b40-14.10.","11/23-24","Control","b40-14","b40-14",0.042673
"208","b40-14.10_11.30","b40-14.10.","11/02-03","Control","b40-14","b40-14",0.026494
"209","b40-14.2_10.26","b40-14.2","10/26-27","Drought","b40-14","b40-14",0.159560333333333
"210","b40-14.2_11.06","b40-14.2","11/06","Drought","b40-14","b40-14",0.016829
"211","b40-14.2_11.11","b40-14.2","11/11","Drought","b40-14","b40-14",0.0202155
"212","b40-14.2_11.16","b40-14.2","11/16-17","Drought","b40-14","b40-14",0.0101805
"213","b40-14.2_11.23","b40-14.2","11/23-24","Drought","b40-14","b40-14",0.0135875
"214","b40-14.2_11.30","b40-14.2","11/02-03","Drought","b40-14","b40-14",0.002456
"215","b40-14.3_10.27","b40-14.3","10/26-27","Drought","b40-14","b40-14",0.175523
"216","b40-14.3_11.06","b40-14.3","11/06","Drought","b40-14","b40-14",0.060925
"217","b40-14.3_11.11","b40-14.3","11/11","Drought","b40-14","b40-14",0.045048
"218","b40-14.3_11.16","b40-14.3","11/16-17","Drought","b40-14","b40-14",0.004295
"219","b40-14.3_11.20","b40-14.3","11/02-03","Drought","b40-14","b40-14",0.002172
"220","b40-14.3_11.23","b40-14.3","11/23-24","Drought","b40-14","b40-14",0.0011485
"221","b40-14.3_11.30","b40-14.3","11/02-03","Drought","b40-14","b40-14",0.005028
"222","b40-14.4_10.27","b40-14.4","10/26-27","Drought","b40-14","b40-14",0.0671643333333333
"223","b40-14.4_11.06","b40-14.4","11/06","Drought","b40-14","b40-14",0.0256475
"224","b40-14.4_11.11","b40-14.4","11/11","Drought","b40-14","b40-14",0.016782
"225","b40-14.4_11.30","b40-14.4","11/02-03","Drought","b40-14","b40-14",0.001197
"226","b40-14.5_10.27","b40-14.5","10/26-27","Drought","b40-14","b40-14",0.134179
"227","b40-14.5_11.06","b40-14.5","11/06","Drought","b40-14","b40-14",0.107425
"228","b40-14.5_11.11","b40-14.5","11/11","Drought","b40-14","b40-14",0.0250585
"229","b40-14.5_12.02","b40-14.5","12/02","Drought","b40-14","b40-14",0.0057745
"230","b40-14.6_10.26","b40-14.6","10/26-27","Control","b40-14","b40-14",0.212811666666667
"231","b40-14.6_11.06","b40-14.6","11/06","Control","b40-14","b40-14",0.113174
"232","b40-14.6_11.11","b40-14.6","11/11","Control","b40-14","b40-14",0.0406625
"233","b40-14.6_11.16","b40-14.6","11/16-17","Control","b40-14","b40-14",0.187161
"234","b40-14.6_11.20","b40-14.6","11/02-03","Control","b40-14","b40-14",0.0230165
"235","b40-14.6_11.23","b40-14.6","11/23-24","Control","b40-14","b40-14",0.15483
"236","b40-14.6_11.30","b40-14.6","11/02-03","Control","b40-14","b40-14",0.0778095
"237","b40-14.7_10.27","b40-14.7","10/26-27","Control","b40-14","b40-14",0.0987993333333333
"238","b40-14.7_11.06","b40-14.7","11/06","Control","b40-14","b40-14",0.073994
"239","b40-14.7_11.11","b40-14.7","11/11","Control","b40-14","b40-14",0.0754565
"240","b40-14.7_11.17","b40-14.7","11/16-17","Control","b40-14","b40-14",0.020747
"241","b40-14.7_11.20","b40-14.7","11/02-03","Control","b40-14","b40-14",0.056136
"242","b40-14.7_11.24","b40-14.7","11/23-24","Control","b40-14","b40-14",0.0389465
"243","b40-14.7_11.30","b40-14.7","11/02-03","Control","b40-14","b40-14",0.031232
"244","b40-14.7_12.02","b40-14.7","12/02","Control","b40-14","b40-14",0.127228
"245","b40-14.8_10.27","b40-14.8","10/26-27","Control","b40-14","b40-14",0.0745073333333333
"246","b40-14.8_11.06","b40-14.8","11/06","Control","b40-14","b40-14",0.097863
"247","b40-14.8_11.11","b40-14.8","11/11","Control","b40-14","b40-14",0.1519355
"248","b40-14.8_11.17","b40-14.8","11/16-17","Control","b40-14","b40-14",0.047984
"249","b40-14.8_11.24","b40-14.8","11/23-24","Control","b40-14","b40-14",0.035836
"250","b40-14.8_11.30","b40-14.8","11/02-03","Control","b40-14","b40-14",0.025459
"251","b40-14.8_12.02","b40-14.8","12/02","Control","b40-14","b40-14",0.0846183333333333
"252","b40-14.9_10.27","b40-14.9","10/26-27","Control","b40-14","b40-14",0.0962476666666667
"253","b40-14.9_11.06","b40-14.9","11/06","Control","b40-14","b40-14",0.091688
"254","b40-14.9_11.11","b40-14.9","11/11","Control","b40-14","b40-14",0.068966
"255","b40-14.9_11.16","b40-14.9","11/16-17","Control","b40-14","b40-14",0.084854
"256","b40-14.9_11.20","b40-14.9","11/02-03","Control","b40-14","b40-14",0.117728
"257","b40-14.9_11.23","b40-14.9","11/23-24","Control","b40-14","b40-14",0.0288075
"258","b40-14.9_11.30","b40-14.9","11/02-03","Control","b40-14","b40-14",0.019037
"259","b42-34.1_10.26","b42-34.1","10/26-27","Drought","b42-34","b42-34",0.158005333333333
"260","b42-34.1_11.06","b42-34.1","11/06","Drought","b42-34","b42-34",0.0792625
"261","b42-34.1_11.11","b42-34.1","11/11","Drought","b42-34","b42-34",0.0826485
"262","b42-34.1_11.16","b42-34.1","11/16-17","Drought","b42-34","b42-34",0.0304745
"263","b42-34.1_11.20","b42-34.1","11/02-03","Drought","b42-34","b42-34",0.058361
"264","b42-34.1_11.23","b42-34.1","11/23-24","Drought","b42-34","b42-34",0.04856325
"265","b42-34.1_11.30","b42-34.1","11/02-03","Drought","b42-34","b42-34",0.028932
"266","b42-34.10_10.27","b42-34.10.","10/26-27","Control","b42-34","b42-34",0.213464666666667
"267","b42-34.10_11.06","b42-34.10.","11/06","Control","b42-34","b42-34",0.170929
"268","b42-34.10_11.11","b42-34.10.","11/11","Control","b42-34","b42-34",0.1873175
"269","b42-34.10_11.16","b42-34.10.","11/16-17","Control","b42-34","b42-34",0.393246
"270","b42-34.10_11.20","b42-34.10.","11/02-03","Control","b42-34","b42-34",0.0555815
"271","b42-34.10_11.23","b42-34.10.","11/23-24","Control","b42-34","b42-34",0.0701505
"272","b42-34.10_11.30","b42-34.10.","11/02-03","Control","b42-34","b42-34",0.079685
"273","b42-34.2_10.26","b42-34.2","10/26-27","Drought","b42-34","b42-34",0.249639
"274","b42-34.2_11.06","b42-34.2","11/06","Drought","b42-34","b42-34",0.1585065
"275","b42-34.2_11.11","b42-34.2","11/11","Drought","b42-34","b42-34",0.1239235
"276","b42-34.2_11.16","b42-34.2","11/16-17","Drought","b42-34","b42-34",0.0093265
"277","b42-34.2_11.20","b42-34.2","11/02-03","Drought","b42-34","b42-34",0.030824
"278","b42-34.2_11.23","b42-34.2","11/23-24","Drought","b42-34","b42-34",0.0480875
"279","b42-34.2_11.30","b42-34.2","11/02-03","Drought","b42-34","b42-34",0.0103695
"280","b42-34.3_10.27","b42-34.3","10/26-27","Drought","b42-34","b42-34",0.211985
"281","b42-34.3_11.06","b42-34.3","11/06","Drought","b42-34","b42-34",0.0480085
"282","b42-34.3_11.11","b42-34.3","11/11","Drought","b42-34","b42-34",0.046103
"283","b42-34.3_11.17","b42-34.3","11/16-17","Drought","b42-34","b42-34",0.0411815
"284","b42-34.3_11.24","b42-34.3","11/23-24","Drought","b42-34","b42-34",0.014739
"285","b42-34.3_11.30","b42-34.3","11/02-03","Drought","b42-34","b42-34",0.002359
"286","b42-34.3_12.02","b42-34.3","12/02","Drought","b42-34","b42-34",0.00254
"287","b42-34.4_10.27","b42-34.4","10/26-27","Drought","b42-34","b42-34",0.211977333333333
"288","b42-34.4_11.06","b42-34.4","11/06","Drought","b42-34","b42-34",0.122987
"289","b42-34.4_11.11","b42-34.4","11/11","Drought","b42-34","b42-34",0.082261
"290","b42-34.4_11.17","b42-34.4","11/16-17","Drought","b42-34","b42-34",0.018512
"291","b42-34.4_11.20","b42-34.4","11/02-03","Drought","b42-34","b42-34",0.0164955
"292","b42-34.4_11.24","b42-34.4","11/23-24","Drought","b42-34","b42-34",0.075041
"293","b42-34.4_11.30","b42-34.4","11/02-03","Drought","b42-34","b42-34",0.0113585
"294","b42-34.4_12.02","b42-34.4","12/02","Drought","b42-34","b42-34",0.0119695
"295","b42-34.5_10.27","b42-34.5","10/26-27","Drought","b42-34","b42-34",0.137066
"296","b42-34.5_11.06","b42-34.5","11/06","Drought","b42-34","b42-34",0.067447
"297","b42-34.5_11.11","b42-34.5","11/11","Drought","b42-34","b42-34",0.0839635
"298","b42-34.5_11.20","b42-34.5","11/02-03","Drought","b42-34","b42-34",0.0205895
"299","b42-34.5_11.23","b42-34.5","11/23-24","Drought","b42-34","b42-34",0.0370515
"300","b42-34.5_11.30","b42-34.5","11/02-03","Drought","b42-34","b42-34",0.007114
"301","b42-34.5_12.02","b42-34.5","12/02","Drought","b42-34","b42-34",0.0289783333333333
"302","b42-34.6_10.26","b42-34.6","10/26-27","Control","b42-34","b42-34",0.115567
"303","b42-34.6_11.06","b42-34.6","11/06","Control","b42-34","b42-34",0.137355
"304","b42-34.6_11.11","b42-34.6","11/11","Control","b42-34","b42-34",0.1844765
"305","b42-34.6_11.16","b42-34.6","11/16-17","Control","b42-34","b42-34",0.3302465
"306","b42-34.6_11.20","b42-34.6","11/02-03","Control","b42-34","b42-34",0.0388495
"307","b42-34.6_11.23","b42-34.6","11/23-24","Control","b42-34","b42-34",0.0782665
"308","b42-34.6_11.30","b42-34.6","11/02-03","Control","b42-34","b42-34",0.1354005
"309","b42-34.7_10.27","b42-34.7","10/26-27","Control","b42-34","b42-34",0.148592
"310","b42-34.7_11.06","b42-34.7","11/06","Control","b42-34","b42-34",0.1586675
"311","b42-34.7_11.11","b42-34.7","11/11","Control","b42-34","b42-34",0.20678
"312","b42-34.7_11.17","b42-34.7","11/16-17","Control","b42-34","b42-34",0.3950015
"313","b42-34.7_11.20","b42-34.7","11/02-03","Control","b42-34","b42-34",0.1030605
"314","b42-34.7_11.24","b42-34.7","11/23-24","Control","b42-34","b42-34",0.242618
"315","b42-34.7_11.30","b42-34.7","11/02-03","Control","b42-34","b42-34",0.18937
"316","b42-34.7_12.02","b42-34.7","12/02","Control","b42-34","b42-34",0.0955476666666667
"317","b42-34.8_10.27","b42-34.8","10/26-27","Control","b42-34","b42-34",0.225183333333333
"318","b42-34.8_11.06","b42-34.8","11/06","Control","b42-34","b42-34",0.1649375
"319","b42-34.8_11.11","b42-34.8","11/11","Control","b42-34","b42-34",0.1425105
"320","b42-34.8_11.17","b42-34.8","11/16-17","Control","b42-34","b42-34",0.2927755
"321","b42-34.8_11.24","b42-34.8","11/23-24","Control","b42-34","b42-34",0.2581625
"322","b42-34.8_11.30","b42-34.8","11/02-03","Control","b42-34","b42-34",0.553305
"323","b42-34.8_12.02","b42-34.8","12/02","Control","b42-34","b42-34",0.145447
"324","b42-34.9_10.26","b42-34.9","10/26-27","Control","b42-34","b42-34",0.387696333333333
"325","b42-34.9_11.06","b42-34.9","11/06","Control","b42-34","b42-34",0.202748
"326","b42-34.9_11.11","b42-34.9","11/11","Control","b42-34","b42-34",0.134579
"327","b42-34.9_11.16","b42-34.9","11/16-17","Control","b42-34","b42-34",0.4099855
"328","b42-34.9_11.20","b42-34.9","11/02-03","Control","b42-34","b42-34",0.0847405
"329","b42-34.9_11.23","b42-34.9","11/23-24","Control","b42-34","b42-34",0.087227
"330","b42-34.9_11.30","b42-34.9","11/02-03","Control","b42-34","b42-34",0.2164855
"331","NY1.1_11.06","NY1.1","11/06","Drought","NY1","NY1",0.35608
"332","NY1.1_11.11","NY1.1","11/11","Drought","NY1","NY1",0.2166205
"333","NY1.1_11.16","NY1.1","11/16-17","Drought","NY1","NY1",0.1833135
"334","NY1.1_11.20","NY1.1","11/02-03","Drought","NY1","NY1",0.0499575
"335","NY1.1_11.23","NY1.1","11/23-24","Drought","NY1","NY1",0.198384
"336","NY1.1_11.30","NY1.1","11/02-03","Drought","NY1","NY1",0.086339
"337","NY1.10_10.27","NY1.10.","10/26-27","Control","NY1","NY1",0.359516666666667
"338","NY1.10_11.06","NY1.10.","11/06","Control","NY1","NY1",0.125799
"339","NY1.10_11.11","NY1.10.","11/11","Control","NY1","NY1",0.1381675
"340","NY1.10_11.20","NY1.10.","11/02-03","Control","NY1","NY1",0.179289
"341","NY1.10_11.24","NY1.10.","11/23-24","Control","NY1","NY1",0.0602235
"342","NY1.10_11.30","NY1.10.","11/02-03","Control","NY1","NY1",0.0635345
"343","NY1.10_12.02","NY1.10.","12/02","Control","NY1","NY1",0.175785666666667
"344","NY1.2_10.27","NY1.2","10/26-27","Drought","NY1","NY1",0.282509666666667
"345","NY1.2_11.06","NY1.2","11/06","Drought","NY1","NY1",0.0885616666666667
"346","NY1.2_11.11","NY1.2","11/11","Drought","NY1","NY1",0.1132635
"347","NY1.2_11.20","NY1.2","11/02-03","Drought","NY1","NY1",0.039414
"348","NY1.2_11.23","NY1.2","11/23-24","Drought","NY1","NY1",0.004615
"349","NY1.2_11.30","NY1.2","11/02-03","Drought","NY1","NY1",0.020382
"350","NY1.2_12.02","NY1.2","12/02","Drought","NY1","NY1",0.0130333333333333
"351","NY1.3_10.27","NY1.3","10/26-27","Drought","NY1","NY1",0.089646
"352","NY1.3_11.06","NY1.3","11/06","Drought","NY1","NY1",0.0558745
"353","NY1.3_11.11","NY1.3","11/11","Drought","NY1","NY1",0.0497675
"354","NY1.3_11.17","NY1.3","11/16-17","Drought","NY1","NY1",0.004567
"355","NY1.3_11.24","NY1.3","11/23-24","Drought","NY1","NY1",0.016659
"356","NY1.3_11.30","NY1.3","11/02-03","Drought","NY1","NY1",0.005523
"357","NY1.3_12.02","NY1.3","12/02","Drought","NY1","NY1",0.0248695
"358","NY1.4_10.27","NY1.4","10/26-27","Drought","NY1","NY1",0.237039333333333
"359","NY1.4_11.06","NY1.4","11/06","Drought","NY1","NY1",0.122609
"360","NY1.4_11.11","NY1.4","11/11","Drought","NY1","NY1",0.098729
"361","NY1.4_11.20","NY1.4","11/02-03","Drought","NY1","NY1",0.0337135
"362","NY1.4_11.24","NY1.4","11/23-24","Drought","NY1","NY1",0.044959
"363","NY1.4_11.30","NY1.4","11/02-03","Drought","NY1","NY1",0.0343655
"364","NY1.4_12.02","NY1.4","12/02","Drought","NY1","NY1",0.026126
"365","NY1.5_10.26","NY1.5","10/26-27","Drought","NY1","NY1",0.328263
"366","NY1.5_11.06","NY1.5","11/06","Drought","NY1","NY1",0.091208
"367","NY1.5_11.11","NY1.5","11/11","Drought","NY1","NY1",0.093011
"368","NY1.5_11.16","NY1.5","11/16-17","Drought","NY1","NY1",0.084116
"369","NY1.5_11.20","NY1.5","11/02-03","Drought","NY1","NY1",0.023391
"370","NY1.5_11.23","NY1.5","11/23-24","Drought","NY1","NY1",0.0384185
"371","NY1.5_11.30","NY1.5","11/02-03","Drought","NY1","NY1",0.100438666666667
"372","NY1.6_10.26","NY1.6","10/26-27","Control","NY1","NY1",0.2068545
"373","NY1.6_11.06","NY1.6","11/06","Control","NY1","NY1",0.180746
"374","NY1.6_11.11","NY1.6","11/11","Control","NY1","NY1",0.0679575
"375","NY1.6_11.16","NY1.6","11/16-17","Control","NY1","NY1",0.276345
"376","NY1.6_11.23","NY1.6","11/23-24","Control","NY1","NY1",0.181471
"377","NY1.6_11.30","NY1.6","11/02-03","Control","NY1","NY1",0.09055
"378","NY1.7_10.27","NY1.7","10/26-27","Control","NY1","NY1",0.223346666666667
"379","NY1.7_11.06","NY1.7","11/06","Control","NY1","NY1",0.1388675
"380","NY1.7_11.11","NY1.7","11/11","Control","NY1","NY1",0.207664
"381","NY1.7_11.17","NY1.7","11/16-17","Control","NY1","NY1",0.3530825
"382","NY1.7_11.20","NY1.7","11/02-03","Control","NY1","NY1",0.0468285
"383","NY1.7_11.24","NY1.7","11/23-24","Control","NY1","NY1",0.0887945
"384","NY1.7_11.30","NY1.7","11/02-03","Control","NY1","NY1",0.1276565
"385","NY1.7_12.02","NY1.7","12/02","Control","NY1","NY1",0.144969
"386","NY1.8_10.27","NY1.8","10/26-27","Control","NY1","NY1",0.217394
"387","NY1.8_11.06","NY1.8","11/06","Control","NY1","NY1",0.166614
"388","NY1.8_11.11","NY1.8","11/11","Control","NY1","NY1",0.2304945
"389","NY1.8_11.20","NY1.8","11/02-03","Control","NY1","NY1",0.1170975
"390","NY1.8_11.23","NY1.8","11/23-24","Control","NY1","NY1",0.2006415
"391","NY1.8_11.30","NY1.8","11/02-03","Control","NY1","NY1",0.302608
"392","NY1.8_12.02","NY1.8","12/02","Control","NY1","NY1",0.375965666666667
"393","NY1.9_10.26","NY1.9","10/26-27","Control","NY1","NY1",0.269431333333333
"394","NY1.9_11.06","NY1.9","11/06","Control","NY1","NY1",0.088331
"395","NY1.9_11.11","NY1.9","11/11","Control","NY1","NY1",0.1171345
"396","NY1.9_11.16","NY1.9","11/16-17","Control","NY1","NY1",0.288357
"397","NY1.9_11.20","NY1.9","11/02-03","Control","NY1","NY1",0.1787985
"398","NY1.9_11.23","NY1.9","11/23-24","Control","NY1","NY1",0.283928
"399","NY1.9_11.30","NY1.9","11/02-03","Control","NY1","NY1",0.3247145
"400","SC2.1_10.27","SC2.1","10/26-27","Drought","SC2","SC2",0.284764
"401","SC2.1_11.06","SC2.1","11/06","Drought","SC2","SC2",0.164222
"402","SC2.1_11.11","SC2.1","11/11","Drought","SC2","SC2",0.109481
"403","SC2.1_11.24","SC2.1","11/23-24","Drought","SC2","SC2",0.176461
"404","SC2.1_11.30","SC2.1","11/02-03","Drought","SC2","SC2",0.313673
"405","SC2.1_12.02","SC2.1","12/02","Drought","SC2","SC2",0.317664666666667
"406","SC2.2_10.27","SC2.2","10/26-27","Drought","SC2","SC2",0.101855
"407","SC2.2_11.06","SC2.2","11/06","Drought","SC2","SC2",0.0365136666666667
"408","SC2.2_11.11","SC2.2","11/11","Drought","SC2","SC2",0.072492
"409","SC2.2_11.17","SC2.2","11/16-17","Drought","SC2","SC2",0.005999
"410","SC2.2_11.24","SC2.2","11/23-24","Drought","SC2","SC2",0.012122
"411","SC2.2_11.30","SC2.2","11/02-03","Drought","SC2","SC2",0.009451
"412","SC2.4_10.27","SC2.4","10/26-27","Drought","SC2","SC2",0.123235333333333
"413","SC2.4_11.06","SC2.4","11/06","Drought","SC2","SC2",0.156393
"414","SC2.4_11.11","SC2.4","11/11","Drought","SC2","SC2",0.09077
"415","SC2.4_11.16","SC2.4","11/16-17","Drought","SC2","SC2",0.036396
"416","SC2.4_11.23","SC2.4","11/23-24","Drought","SC2","SC2",0.0253395
"417","SC2.4_11.30","SC2.4","11/02-03","Drought","SC2","SC2",0.011309
"418","SC2.5_10.26","SC2.5","10/26-27","Drought","SC2","SC2",0.212339
"419","SC2.5_11.06","SC2.5","11/06","Drought","SC2","SC2",0.072104
"420","SC2.5_11.11","SC2.5","11/11","Drought","SC2","SC2",0.062228
"421","SC2.5_11.16","SC2.5","11/16-17","Drought","SC2","SC2",0.033591
"422","SC2.5_11.20","SC2.5","11/02-03","Drought","SC2","SC2",0.007077
"423","SC2.5_11.23","SC2.5","11/23-24","Drought","SC2","SC2",0.0191645
"424","SC2.5_11.30","SC2.5","11/02-03","Drought","SC2","SC2",0.0294705
"425","SC2.6_10.27","SC2.6","10/26-27","Control","SC2","SC2",0.122944333333333
"426","SC2.6_11.06","SC2.6","11/06","Control","SC2","SC2",0.1915285
"427","SC2.6_11.11","SC2.6","11/11","Control","SC2","SC2",0.256242
"428","SC2.6_11.17","SC2.6","11/16-17","Control","SC2","SC2",0.3207865
"429","SC2.6_11.24","SC2.6","11/23-24","Control","SC2","SC2",0.0748315
"430","SC2.6_11.30","SC2.6","11/02-03","Control","SC2","SC2",0.1615955
"431","SC2.7_10.26","SC2.7","10/26-27","Control","SC2","SC2",0.741873
"432","SC2.7_11.06","SC2.7","11/06","Control","SC2","SC2",0.4839285
"433","SC2.7_11.11","SC2.7","11/11","Control","SC2","SC2",0.2439125
"434","SC2.7_11.16","SC2.7","11/16-17","Control","SC2","SC2",0.5318255
"435","SC2.7_11.20","SC2.7","11/02-03","Control","SC2","SC2",0.5378115
"436","SC2.7_11.23","SC2.7","11/23-24","Control","SC2","SC2",0.169178
"437","SC2.7_11.30","SC2.7","11/02-03","Control","SC2","SC2",0.341099
"438","SC2.8_10.27","SC2.8","10/26-27","Control","SC2","SC2",0.330428
"439","SC2.8_11.06","SC2.8","11/06","Control","SC2","SC2",0.2541525
"440","SC2.8_11.11","SC2.8","11/11","Control","SC2","SC2",0.417851
"441","SC2.8_11.23","SC2.8","11/23-24","Control","SC2","SC2",0.100318
"442","SC2.8_11.30","SC2.8","11/02-03","Control","SC2","SC2",0.358429
"443","SC2.8_12.02","SC2.8","12/02","Control","SC2","SC2",0.71625
"444","SC2.9_10.26","SC2.9","10/26-27","Control","SC2","SC2",0.3741275
"445","SC2.9_11.06","SC2.9","11/06","Control","SC2","SC2",0.076285
"446","SC2.9_11.11","SC2.9","11/11","Control","SC2","SC2",0.18332
"447","SC2.9_11.16","SC2.9","11/16-17","Control","SC2","SC2",0.0458915
"448","SC2.9_11.30","SC2.9","11/02-03","Control","SC2","SC2",0.149249
"449","T48.1_10.27","T48.1","10/26-27","Drought","T48","T48",0.250409333333333
"450","T48.1_11.06","T48.1","11/06","Drought","T48","T48",0.027145
"451","T48.1_11.11","T48.1","11/11","Drought","T48","T48",0.147822
"452","T48.1_11.23","T48.1","11/23-24","Drought","T48","T48",0.016806
"453","T48.1_11.30","T48.1","11/02-03","Drought","T48","T48",0.0498185
"454","T48.1_12.02","T48.1","12/02","Drought","T48","T48",0.0753603333333333
"455","T48.10_10.27","T48.10.","10/26-27","Control","T48","T48",0.263041333333333
"456","T48.10_11.06","T48.10.","11/06","Control","T48","T48",0.2570795
"457","T48.10_11.11","T48.10.","11/11","Control","T48","T48",0.239421
"458","T48.10_11.20","T48.10.","11/02-03","Control","T48","T48",0.4395205
"459","T48.10_11.24","T48.10.","11/23-24","Control","T48","T48",0.402213
"460","T48.10_11.30","T48.10.","11/02-03","Control","T48","T48",0.721845
"461","T48.10_12.02","T48.10.","12/02","Control","T48","T48",0.8281645
"462","T48.2_10.26","T48.2","10/26-27","Drought","T48","T48",0.460832333333333
"463","T48.2_11.06","T48.2","11/06","Drought","T48","T48",0.0538925
"464","T48.2_11.11","T48.2","11/11","Drought","T48","T48",0.0525445
"465","T48.2_11.16","T48.2","11/16-17","Drought","T48","T48",0.0045495
"466","T48.2_11.20","T48.2","11/02-03","Drought","T48","T48",0.0082745
"467","T48.2_11.23","T48.2","11/23-24","Drought","T48","T48",0.0034705
"468","T48.2_11.30","T48.2","11/02-03","Drought","T48","T48",0.013802
"469","T48.3_10.27","T48.3","10/26-27","Drought","T48","T48",0.45027
"470","T48.3_11.06","T48.3","11/06","Drought","T48","T48",0.084855
"471","T48.3_11.11","T48.3","11/11","Drought","T48","T48",0.091799
"472","T48.3_11.17","T48.3","11/16-17","Drought","T48","T48",0.056491
"473","T48.3_11.20","T48.3","11/02-03","Drought","T48","T48",0.0193835
"474","T48.3_11.24","T48.3","11/23-24","Drought","T48","T48",0.0443655
"475","T48.3_11.30","T48.3","11/02-03","Drought","T48","T48",0.003134
"476","T48.3_12.02","T48.3","12/02","Drought","T48","T48",0.0228066666666667
"477","T48.4_10.26","T48.4","10/26-27","Drought","T48","T48",0.5768975
"478","T48.4_11.06","T48.4","11/06","Drought","T48","T48",0.155296
"479","T48.4_11.11","T48.4","11/11","Drought","T48","T48",0.131467
"480","T48.4_11.16","T48.4","11/16-17","Drought","T48","T48",0.0444325
"481","T48.4_11.20","T48.4","11/02-03","Drought","T48","T48",0.02539
"482","T48.4_11.23","T48.4","11/23-24","Drought","T48","T48",0.155882
"483","T48.4_11.30","T48.4","11/02-03","Drought","T48","T48",0.1026255
"484","T48.5_10.27","T48.5","10/26-27","Drought","T48","T48",0.3871155
"485","T48.5_11.06","T48.5","11/06","Drought","T48","T48",0.0807503333333333
"486","T48.5_11.11","T48.5","11/11","Drought","T48","T48",0.112657
"487","T48.5_11.17","T48.5","11/16-17","Drought","T48","T48",0.0038435
"488","T48.5_11.20","T48.5","11/02-03","Drought","T48","T48",0.007942
"489","T48.5_11.24","T48.5","11/23-24","Drought","T48","T48",0.00256
"490","T48.5_11.30","T48.5","11/02-03","Drought","T48","T48",0.0255645
"491","T48.5_12.02","T48.5","12/02","Drought","T48","T48",0.0113145
"492","T48.6_10.26","T48.6","10/26-27","Control","T48","T48",0.342722666666667
"493","T48.6_11.06","T48.6","11/06","Control","T48","T48",0.6078755
"494","T48.6_11.11","T48.6","11/11","Control","T48","T48",0.153208
"495","T48.6_11.16","T48.6","11/16-17","Control","T48","T48",0.6345845
"496","T48.6_11.20","T48.6","11/02-03","Control","T48","T48",0.441666
"497","T48.6_11.23","T48.6","11/23-24","Control","T48","T48",0.1301695
"498","T48.6_11.30","T48.6","11/02-03","Control","T48","T48",0.516567
"499","T48.7_10.26","T48.7","10/26-27","Control","T48","T48",0.207097333333333
"500","T48.7_11.06","T48.7","11/06","Control","T48","T48",0.4097335
"501","T48.7_11.11","T48.7","11/11","Control","T48","T48",0.130856
"502","T48.7_11.16","T48.7","11/16-17","Control","T48","T48",0.676737
"503","T48.7_11.20","T48.7","11/02-03","Control","T48","T48",0.49244875
"504","T48.7_11.23","T48.7","11/23-24","Control","T48","T48",0.2180275
"505","T48.7_11.30","T48.7","11/02-03","Control","T48","T48",0.8265305
"506","T48.8_10.27","T48.8","10/26-27","Control","T48","T48",0.801882333333333
"507","T48.8_11.06","T48.8","11/06","Control","T48","T48",0.4796475
"508","T48.8_11.11","T48.8","11/11","Control","T48","T48",0.2066935
"509","T48.8_11.23","T48.8","11/23-24","Control","T48","T48",0.1505655
"510","T48.8_11.30","T48.8","11/02-03","Control","T48","T48",0.427688
"511","T48.8_12.02","T48.8","12/02","Control","T48","T48",0.785067333333333
"512","T48.9_10.27","T48.9","10/26-27","Control","T48","T48",0.4180425
"513","T48.9_11.06","T48.9","11/06","Control","T48","T48",0.1842665
"514","T48.9_11.11","T48.9","11/11","Control","T48","T48",0.1028985
"515","T48.9_11.17","T48.9","11/16-17","Control","T48","T48",0.616057
"516","T48.9_11.20","T48.9","11/02-03","Control","T48","T48",0.470082
"517","T48.9_11.24","T48.9","11/23-24","Control","T48","T48",0.192799
"518","T48.9_11.30","T48.9","11/02-03","Control","T48","T48",0.415673
"519","T48.9_12.02","T48.9","12/02","Control","T48","T48",0.622755333333333
"520","T52.1_10.26","T52.1","10/26-27","Drought","T52","T52",0.166907
"521","T52.1_11.11","T52.1","11/11","Drought","T52","T52",0.085352
"522","T52.1_11.16","T52.1","11/16-17","Drought","T52","T52",0.055
"523","T52.1_11.23","T52.1","11/23-24","Drought","T52","T52",0.0445935
"524","T52.1_11.30","T52.1","11/02-03","Drought","T52","T52",0.0342535
"525","T52.10_10.27","T52.10.","10/26-27","Control","T52","T52",0.215705
"526","T52.10_11.06","T52.10.","11/06","Control","T52","T52",0.133045
"527","T52.10_11.11","T52.10.","11/11","Control","T52","T52",0.1342115
"528","T52.10_11.23","T52.10.","11/23-24","Control","T52","T52",0.057331
"529","T52.10_11.30","T52.10.","11/02-03","Control","T52","T52",0.0338405
"530","T52.10_12.02","T52.10.","12/02","Control","T52","T52",0.238474666666667
"531","T52.2_10.27","T52.2","10/26-27","Drought","T52","T52",0.157789333333333
"532","T52.2_11.06","T52.2","11/06","Drought","T52","T52",0.053885
"533","T52.2_11.11","T52.2","11/11","Drought","T52","T52",0.02761
"534","T52.2_11.17","T52.2","11/16-17","Drought","T52","T52",0.006826
"535","T52.2_11.24","T52.2","11/23-24","Drought","T52","T52",0.0245275
"536","T52.2_11.30","T52.2","11/02-03","Drought","T52","T52",0.008677
"537","T52.2_12.02","T52.2","12/02","Drought","T52","T52",0.010859
"538","T52.3_10.26","T52.3","10/26-27","Drought","T52","T52",0.151551333333333
"539","T52.3_11.06","T52.3","11/06","Drought","T52","T52",0.0371925
"540","T52.3_11.11","T52.3","11/11","Drought","T52","T52",0.060207
"541","T52.3_11.16","T52.3","11/16-17","Drought","T52","T52",0.0191565
"542","T52.3_11.20","T52.3","11/02-03","Drought","T52","T52",0.015055
"543","T52.3_11.23","T52.3","11/23-24","Drought","T52","T52",0.004071
"544","T52.3_11.30","T52.3","11/02-03","Drought","T52","T52",0.0118035
"545","T52.4_10.27","T52.4","10/26-27","Drought","T52","T52",0.226456333333333
"546","T52.4_11.06","T52.4","11/06","Drought","T52","T52",0.108273
"547","T52.4_11.11","T52.4","11/11","Drought","T52","T52",0.0549425
"548","T52.4_11.30","T52.4","11/02-03","Drought","T52","T52",0.018549
"549","T52.4_12.02","T52.4","12/02","Drought","T52","T52",0.034937
"550","T52.5_10.27","T52.5","10/26-27","Drought","T52","T52",0.211909666666667
"551","T52.5_11.06","T52.5","11/06","Drought","T52","T52",0.0684495
"552","T52.5_11.11","T52.5","11/11","Drought","T52","T52",0.0609395
"553","T52.5_11.17","T52.5","11/16-17","Drought","T52","T52",0.011292
"554","T52.5_11.24","T52.5","11/23-24","Drought","T52","T52",0.0072475
"555","T52.5_12.02","T52.5","12/02","Drought","T52","T52",0.000326
"556","T52.6_10.26","T52.6","10/26-27","Control","T52","T52",0.364900333333333
"557","T52.6_11.06","T52.6","11/06","Control","T52","T52",0.1088405
"558","T52.6_11.11","T52.6","11/11","Control","T52","T52",0.0426485
"559","T52.6_11.16","T52.6","11/16-17","Control","T52","T52",0.172153
"560","T52.6_11.23","T52.6","11/23-24","Control","T52","T52",0.015145
"561","T52.6_11.30","T52.6","11/02-03","Control","T52","T52",0.0492075
"562","T52.7_10.26","T52.7","10/26-27","Control","T52","T52",0.287364
"563","T52.7_11.06","T52.7","11/06","Control","T52","T52",0.1034385
"564","T52.7_11.11","T52.7","11/11","Control","T52","T52",0.0417075
"565","T52.7_11.16","T52.7","11/16-17","Control","T52","T52",0.0868225
"566","T52.7_11.20","T52.7","11/02-03","Control","T52","T52",0.1900335
"567","T52.7_11.23","T52.7","11/23-24","Control","T52","T52",0.1173255
"568","T52.7_11.30","T52.7","11/02-03","Control","T52","T52",0.643284
"569","T52.8_10.27","T52.8","10/26-27","Control","T52","T52",0.28526
"570","T52.8_11.06","T52.8","11/06","Control","T52","T52",0.1300705
"571","T52.8_11.11","T52.8","11/11","Control","T52","T52",0.1452025
"572","T52.8_11.24","T52.8","11/23-24","Control","T52","T52",0.153486
"573","T52.8_11.30","T52.8","11/02-03","Control","T52","T52",0.095544
"574","T52.8_12.02","T52.8","12/02","Control","T52","T52",0.141068
"575","T52.9_10.27","T52.9","10/26-27","Control","T52","T52",0.178251333333333
"576","T52.9_11.06","T52.9","11/06","Control","T52","T52",0.047672
"577","T52.9_11.11","T52.9","11/11","Control","T52","T52",0.062036
"578","T52.9_11.17","T52.9","11/16-17","Control","T52","T52",0.2529265
"579","T52.9_11.24","T52.9","11/23-24","Control","T52","T52",0.1539445
"580","T52.9_11.30","T52.9","11/02-03","Control","T52","T52",0.084819
"581","T52.9_12.02","T52.9","12/02","Control","T52","T52",0.0935905
"582","TX6704.1_10.26","TX6704.1","10/26-27","Drought","TX6704","TX6704",0.336059
"583","TX6704.1_11.06","TX6704.1","11/06","Drought","TX6704","TX6704",0.1033285
"584","TX6704.1_11.11","TX6704.1","11/11","Drought","TX6704","TX6704",0.258819
"585","TX6704.1_11.16","TX6704.1","11/16-17","Drought","TX6704","TX6704",0.039811
"586","TX6704.1_11.20","TX6704.1","11/02-03","Drought","TX6704","TX6704",0.03751025
"587","TX6704.1_11.23","TX6704.1","11/23-24","Drought","TX6704","TX6704",0.064645
"588","TX6704.1_11.30","TX6704.1","11/02-03","Drought","TX6704","TX6704",0.0539766666666667
"589","TX6704.10_10.27","TX6704.10.","10/26-27","Control","TX6704","TX6704",0.477425333333333
"590","TX6704.10_11.06","TX6704.10.","11/06","Control","TX6704","TX6704",0.212435
"591","TX6704.10_11.11","TX6704.10.","11/11","Control","TX6704","TX6704",0.237836
"592","TX6704.10_11.17","TX6704.10.","11/16-17","Control","TX6704","TX6704",0.327753
"593","TX6704.10_11.24","TX6704.10.","11/23-24","Control","TX6704","TX6704",0.231971
"594","TX6704.10_11.30","TX6704.10.","11/02-03","Control","TX6704","TX6704",0.174196
"595","TX6704.10_12.02","TX6704.10.","12/02","Control","TX6704","TX6704",0.184838666666667
"596","TX6704.2_10.27","TX6704.2","10/26-27","Drought","TX6704","TX6704",0.416773
"597","TX6704.2_11.06","TX6704.2","11/06","Drought","TX6704","TX6704",0.091825
"598","TX6704.2_11.11","TX6704.2","11/11","Drought","TX6704","TX6704",0.13172
"599","TX6704.2_11.20","TX6704.2","11/02-03","Drought","TX6704","TX6704",0.016436
"600","TX6704.2_11.24","TX6704.2","11/23-24","Drought","TX6704","TX6704",0.035331
"601","TX6704.2_11.30","TX6704.2","11/02-03","Drought","TX6704","TX6704",0.014416
"602","TX6704.2_12.02","TX6704.2","12/02","Drought","TX6704","TX6704",0.0430216666666667
"603","TX6704.3_11.06","TX6704.3","11/06","Drought","TX6704","TX6704",0.09408
"604","TX6704.3_11.11","TX6704.3","11/11","Drought","TX6704","TX6704",0.1219755
"605","TX6704.3_11.16","TX6704.3","11/16-17","Drought","TX6704","TX6704",0.0239225
"606","TX6704.3_11.23","TX6704.3","11/23-24","Drought","TX6704","TX6704",0.022217
"607","TX6704.3_11.30","TX6704.3","11/02-03","Drought","TX6704","TX6704",0.0176715
"608","TX6704.4_10.27","TX6704.4","10/26-27","Drought","TX6704","TX6704",0.284210666666667
"609","TX6704.4_11.06","TX6704.4","11/06","Drought","TX6704","TX6704",0.0423785
"610","TX6704.4_11.11","TX6704.4","11/11","Drought","TX6704","TX6704",0.062903
"611","TX6704.4_11.17","TX6704.4","11/16-17","Drought","TX6704","TX6704",0.011538
"612","TX6704.4_11.24","TX6704.4","11/23-24","Drought","TX6704","TX6704",0.0098415
"613","TX6704.4_11.30","TX6704.4","11/02-03","Drought","TX6704","TX6704",0.011832
"614","TX6704.4_12.02","TX6704.4","12/02","Drought","TX6704","TX6704",0.015993
"615","TX6704.5_10.27","TX6704.5","10/26-27","Drought","TX6704","TX6704",0.405313333333333
"616","TX6704.5_11.06","TX6704.5","11/06","Drought","TX6704","TX6704",0.162036
"617","TX6704.5_11.11","TX6704.5","11/11","Drought","TX6704","TX6704",0.134714
"618","TX6704.5_11.16","TX6704.5","11/16-17","Drought","TX6704","TX6704",0.0257965
"619","TX6704.5_11.20","TX6704.5","11/02-03","Drought","TX6704","TX6704",0.008856
"620","TX6704.5_11.23","TX6704.5","11/23-24","Drought","TX6704","TX6704",0.0173325
"621","TX6704.5_11.30","TX6704.5","11/02-03","Drought","TX6704","TX6704",0.000866
"622","TX6704.6_10.26","TX6704.6","10/26-27","Control","TX6704","TX6704",0.34506375
"623","TX6704.6_11.06","TX6704.6","11/06","Control","TX6704","TX6704",0.223244
"624","TX6704.6_11.11","TX6704.6","11/11","Control","TX6704","TX6704",0.2095955
"625","TX6704.6_11.16","TX6704.6","11/16-17","Control","TX6704","TX6704",0.510962
"626","TX6704.6_11.20","TX6704.6","11/02-03","Control","TX6704","TX6704",0.2852035
"627","TX6704.6_11.23","TX6704.6","11/23-24","Control","TX6704","TX6704",0.082744
"628","TX6704.6_11.30","TX6704.6","11/02-03","Control","TX6704","TX6704",0.208413
"629","TX6704.7_10.27","TX6704.7","10/26-27","Control","TX6704","TX6704",0.336666333333333
"630","TX6704.7_11.06","TX6704.7","11/06","Control","TX6704","TX6704",0.1338255
"631","TX6704.7_11.11","TX6704.7","11/11","Control","TX6704","TX6704",0.180158
"632","TX6704.7_11.17","TX6704.7","11/16-17","Control","TX6704","TX6704",0.315246
"633","TX6704.7_11.20","TX6704.7","11/02-03","Control","TX6704","TX6704",0.0790415
"634","TX6704.7_11.24","TX6704.7","11/23-24","Control","TX6704","TX6704",0.1541115
"635","TX6704.7_11.30","TX6704.7","11/02-03","Control","TX6704","TX6704",0.196239
"636","TX6704.7_12.02","TX6704.7","12/02","Control","TX6704","TX6704",0.115852666666667
"637","TX6704.8_10.27","TX6704.8","10/26-27","Control","TX6704","TX6704",0.197643333333333
"638","TX6704.8_11.06","TX6704.8","11/06","Control","TX6704","TX6704",0.1717195
"639","TX6704.8_11.11","TX6704.8","11/11","Control","TX6704","TX6704",0.115433
"640","TX6704.8_11.20","TX6704.8","11/02-03","Control","TX6704","TX6704",0.163283
"641","TX6704.8_11.23","TX6704.8","11/23-24","Control","TX6704","TX6704",0.0281725
"642","TX6704.8_11.30","TX6704.8","11/02-03","Control","TX6704","TX6704",0.1735025
"643","TX6704.8_12.02","TX6704.8","12/02","Control","TX6704","TX6704",0.227326666666667
"644","TX6704.9_10.26","TX6704.9","10/26-27","Control","TX6704","TX6704",0.2871205
"645","TX6704.9_11.06","TX6704.9","11/06","Control","TX6704","TX6704",0.210129
"646","TX6704.9_11.11","TX6704.9","11/11","Control","TX6704","TX6704",0.196277
"647","TX6704.9_11.16","TX6704.9","11/16-17","Control","TX6704","TX6704",0.3341495
"648","TX6704.9_11.20","TX6704.9","11/02-03","Control","TX6704","TX6704",0.1271305
"649","TX6704.9_11.23","TX6704.9","11/23-24","Control","TX6704","TX6704",0.057441
"650","TX6704.9_11.30","TX6704.9","11/02-03","Control","TX6704","TX6704",0.1545685
"651","TXNM0821.1_10.27","TXNM0821.1","10/26-27","Drought","TXNM0821","TXNM0821",0.2562555
"652","TXNM0821.1_11.06","TXNM0821.1","11/06","Drought","TXNM0821","TXNM0821",0.0432235
"653","TXNM0821.1_11.11","TXNM0821.1","11/11","Drought","TXNM0821","TXNM0821",0.065692
"654","TXNM0821.1_11.17","TXNM0821.1","11/16-17","Drought","TXNM0821","TXNM0821",0.011802
"655","TXNM0821.1_11.24","TXNM0821.1","11/23-24","Drought","TXNM0821","TXNM0821",0.019749
"656","TXNM0821.1_12.02","TXNM0821.1","12/02","Drought","TXNM0821","TXNM0821",0.0093355
"657","TXNM0821.10_10.26","TXNM0821.10.","10/26-27","Control","TXNM0821","TXNM0821",0.205398
"658","TXNM0821.10_11.06","TXNM0821.10.","11/06","Control","TXNM0821","TXNM0821",0.1789345
"659","TXNM0821.10_11.11","TXNM0821.10.","11/11","Control","TXNM0821","TXNM0821",0.090956
"660","TXNM0821.10_11.16","TXNM0821.10.","11/16-17","Control","TXNM0821","TXNM0821",0.2795035
"661","TXNM0821.10_11.20","TXNM0821.10.","11/02-03","Control","TXNM0821","TXNM0821",0.285757
"662","TXNM0821.10_11.23","TXNM0821.10.","11/23-24","Control","TXNM0821","TXNM0821",0.2079385
"663","TXNM0821.10_11.30","TXNM0821.10.","11/02-03","Control","TXNM0821","TXNM0821",0.173375
"664","TXNM0821.2_10.27","TXNM0821.2","10/26-27","Drought","TXNM0821","TXNM0821",0.154917333333333
"665","TXNM0821.2_11.06","TXNM0821.2","11/06","Drought","TXNM0821","TXNM0821",0.0052885
"666","TXNM0821.2_11.11","TXNM0821.2","11/11","Drought","TXNM0821","TXNM0821",0.035723
"667","TXNM0821.2_11.16","TXNM0821.2","11/16-17","Drought","TXNM0821","TXNM0821",0.0783165
"668","TXNM0821.2_11.20","TXNM0821.2","11/02-03","Drought","TXNM0821","TXNM0821",0.0371685
"669","TXNM0821.2_11.23","TXNM0821.2","11/23-24","Drought","TXNM0821","TXNM0821",0.027487
"670","TXNM0821.2_11.30","TXNM0821.2","11/02-03","Drought","TXNM0821","TXNM0821",0.003075
"671","TXNM0821.3_10.26","TXNM0821.3","10/26-27","Drought","TXNM0821","TXNM0821",0.243078
"672","TXNM0821.3_11.06","TXNM0821.3","11/06","Drought","TXNM0821","TXNM0821",0.016378
"673","TXNM0821.3_11.11","TXNM0821.3","11/11","Drought","TXNM0821","TXNM0821",0.0297
"674","TXNM0821.3_11.16","TXNM0821.3","11/16-17","Drought","TXNM0821","TXNM0821",0.0351395
"675","TXNM0821.3_11.23","TXNM0821.3","11/23-24","Drought","TXNM0821","TXNM0821",0.0452115
"676","TXNM0821.3_11.30","TXNM0821.3","11/02-03","Drought","TXNM0821","TXNM0821",0.0343555
"677","TXNM0821.4_10.26","TXNM0821.4","10/26-27","Drought","TXNM0821","TXNM0821",0.119317
"678","TXNM0821.4_11.06","TXNM0821.4","11/06","Drought","TXNM0821","TXNM0821",0.1309695
"679","TXNM0821.4_11.11","TXNM0821.4","11/11","Drought","TXNM0821","TXNM0821",0.0617075
"680","TXNM0821.4_11.16","TXNM0821.4","11/16-17","Drought","TXNM0821","TXNM0821",0.093513
"681","TXNM0821.4_11.20","TXNM0821.4","11/02-03","Drought","TXNM0821","TXNM0821",0.064834
"682","TXNM0821.4_11.23","TXNM0821.4","11/23-24","Drought","TXNM0821","TXNM0821",0.0661825
"683","TXNM0821.4_11.30","TXNM0821.4","11/02-03","Drought","TXNM0821","TXNM0821",0.011841
"684","TXNM0821.5_10.27","TXNM0821.5","10/26-27","Drought","TXNM0821","TXNM0821",0.156490333333333
"685","TXNM0821.5_11.06","TXNM0821.5","11/06","Drought","TXNM0821","TXNM0821",0.1351915
"686","TXNM0821.5_11.11","TXNM0821.5","11/11","Drought","TXNM0821","TXNM0821",0.113091
"687","TXNM0821.5_11.20","TXNM0821.5","11/02-03","Drought","TXNM0821","TXNM0821",0.1449795
"688","TXNM0821.5_11.24","TXNM0821.5","11/23-24","Drought","TXNM0821","TXNM0821",0.213949
"689","TXNM0821.5_11.30","TXNM0821.5","11/02-03","Drought","TXNM0821","TXNM0821",0.077336
"690","TXNM0821.5_12.02","TXNM0821.5","12/02","Drought","TXNM0821","TXNM0821",0.149582
"691","TXNM0821.6_10.27","TXNM0821.6","10/26-27","Control","TXNM0821","TXNM0821",0.07056
"692","TXNM0821.6_11.06","TXNM0821.6","11/06","Control","TXNM0821","TXNM0821",0.0642285
"693","TXNM0821.6_11.11","TXNM0821.6","11/11","Control","TXNM0821","TXNM0821",0.0757005
"694","TXNM0821.6_11.17","TXNM0821.6","11/16-17","Control","TXNM0821","TXNM0821",0.2382775
"695","TXNM0821.6_11.24","TXNM0821.6","11/23-24","Control","TXNM0821","TXNM0821",0.042164
"696","TXNM0821.6_11.30","TXNM0821.6","11/02-03","Control","TXNM0821","TXNM0821",0.063645
"697","TXNM0821.6_12.02","TXNM0821.6","12/02","Control","TXNM0821","TXNM0821",0.085894
"698","TXNM0821.7_10.26","TXNM0821.7","10/26-27","Control","TXNM0821","TXNM0821",0.208468
"699","TXNM0821.7_11.06","TXNM0821.7","11/06","Control","TXNM0821","TXNM0821",0.095282
"700","TXNM0821.7_11.11","TXNM0821.7","11/11","Control","TXNM0821","TXNM0821",0.0739195
"701","TXNM0821.7_11.16","TXNM0821.7","11/16-17","Control","TXNM0821","TXNM0821",0.204554
"702","TXNM0821.7_11.20","TXNM0821.7","11/02-03","Control","TXNM0821","TXNM0821",0.3872485
"703","TXNM0821.7_11.23","TXNM0821.7","11/23-24","Control","TXNM0821","TXNM0821",0.1293645
"704","TXNM0821.7_11.30","TXNM0821.7","11/02-03","Control","TXNM0821","TXNM0821",0.126651
"705","TXNM0821.8_10.27","TXNM0821.8","10/26-27","Control","TXNM0821","TXNM0821",0.192477666666667
"706","TXNM0821.8_11.06","TXNM0821.8","11/06","Control","TXNM0821","TXNM0821",0.071013
"707","TXNM0821.8_11.11","TXNM0821.8","11/11","Control","TXNM0821","TXNM0821",0.0937055
"708","TXNM0821.8_11.17","TXNM0821.8","11/16-17","Control","TXNM0821","TXNM0821",0.053406
"709","TXNM0821.8_11.20","TXNM0821.8","11/02-03","Control","TXNM0821","TXNM0821",0.018625
"710","TXNM0821.8_11.24","TXNM0821.8","11/23-24","Control","TXNM0821","TXNM0821",0.036525
"711","TXNM0821.8_11.30","TXNM0821.8","11/02-03","Control","TXNM0821","TXNM0821",0.008738
"712","TXNM0821.8_12.02","TXNM0821.8","12/02","Control","TXNM0821","TXNM0821",0.012578
"713","TXNM0821.9_10.27","TXNM0821.9","10/26-27","Control","TXNM0821","TXNM0821",0.101066333333333
"714","TXNM0821.9_11.06","TXNM0821.9","11/06","Control","TXNM0821","TXNM0821",0.098343
"715","TXNM0821.9_11.11","TXNM0821.9","11/11","Control","TXNM0821","TXNM0821",0.102523
"716","TXNM0821.9_11.20","TXNM0821.9","11/02-03","Control","TXNM0821","TXNM0821",0.2879705
"717","TXNM0821.9_11.23","TXNM0821.9","11/23-24","Control","TXNM0821","TXNM0821",0.0764165
"718","TXNM0821.9_11.30","TXNM0821.9","11/02-03","Control","TXNM0821","TXNM0821",0.1276475
"719","TXNM0821.9_12.02","TXNM0821.9","12/02","Control","TXNM0821","TXNM0821",0.111151666666667
"720","V60-96.1_10.26","V60-96.1","10/26-27","Drought","V60-96","V60-96",0.27514
"721","V60-96.1_11.06","V60-96.1","11/06","Drought","V60-96","V60-96",0.082263
"722","V60-96.1_11.11","V60-96.1","11/11","Drought","V60-96","V60-96",0.03879
"723","V60-96.1_11.16","V60-96.1","11/16-17","Drought","V60-96","V60-96",0.057512
"724","V60-96.1_11.23","V60-96.1","11/23-24","Drought","V60-96","V60-96",0.0214965
"725","V60-96.1_11.30","V60-96.1","11/02-03","Drought","V60-96","V60-96",0.020462
"726","V60-96.10_10.27","V60-96.10.","10/26-27","Control","V60-96","V60-96",0.314264666666667
"727","V60-96.10_11.06","V60-96.10.","11/06","Control","V60-96","V60-96",0.127284
"728","V60-96.10_11.11","V60-96.10.","11/11","Control","V60-96","V60-96",0.182362
"729","V60-96.10_11.17","V60-96.10.","11/16-17","Control","V60-96","V60-96",0.2453645
"730","V60-96.10_11.24","V60-96.10.","11/23-24","Control","V60-96","V60-96",0.076913
"731","V60-96.10_11.30","V60-96.10.","11/02-03","Control","V60-96","V60-96",0.0287095
"732","V60-96.10_12.02","V60-96.10.","12/02","Control","V60-96","V60-96",0.095925
"733","V60-96.2_10.27","V60-96.2","10/26-27","Drought","V60-96","V60-96",0.174562333333333
"734","V60-96.2_11.06","V60-96.2","11/06","Drought","V60-96","V60-96",0.052903
"735","V60-96.2_11.11","V60-96.2","11/11","Drought","V60-96","V60-96",0.0856275
"736","V60-96.2_11.16","V60-96.2","11/16-17","Drought","V60-96","V60-96",0.067084
"737","V60-96.2_11.23","V60-96.2","11/23-24","Drought","V60-96","V60-96",0.038986
"738","V60-96.2_11.30","V60-96.2","11/02-03","Drought","V60-96","V60-96",0.0376485
"739","V60-96.3_10.26","V60-96.3","10/26-27","Drought","V60-96","V60-96",0.142088
"740","V60-96.3_11.06","V60-96.3","11/06","Drought","V60-96","V60-96",0.103377
"741","V60-96.3_11.11","V60-96.3","11/11","Drought","V60-96","V60-96",0.032531
"742","V60-96.3_11.16","V60-96.3","11/16-17","Drought","V60-96","V60-96",0.0167455
"743","V60-96.3_11.20","V60-96.3","11/02-03","Drought","V60-96","V60-96",0.131896
"744","V60-96.3_11.23","V60-96.3","11/23-24","Drought","V60-96","V60-96",0.1318255
"745","V60-96.3_11.30","V60-96.3","11/02-03","Drought","V60-96","V60-96",0.0674375
"746","V60-96.4_10.27","V60-96.4","10/26-27","Drought","V60-96","V60-96",0.127576
"747","V60-96.4_11.06","V60-96.4","11/06","Drought","V60-96","V60-96",0.0425615
"748","V60-96.4_11.11","V60-96.4","11/11","Drought","V60-96","V60-96",0.0413275
"749","V60-96.4_11.24","V60-96.4","11/23-24","Drought","V60-96","V60-96",0.005506
"750","V60-96.4_11.30","V60-96.4","11/02-03","Drought","V60-96","V60-96",0.0133425
"751","V60-96.4_12.02","V60-96.4","12/02","Drought","V60-96","V60-96",0.003279
"752","V60-96.5_10.27","V60-96.5","10/26-27","Drought","V60-96","V60-96",0.219973666666667
"753","V60-96.5_11.06","V60-96.5","11/06","Drought","V60-96","V60-96",0.0496755
"754","V60-96.5_11.11","V60-96.5","11/11","Drought","V60-96","V60-96",0.0256015
"755","V60-96.5_11.17","V60-96.5","11/16-17","Drought","V60-96","V60-96",0.015462
"756","V60-96.5_11.24","V60-96.5","11/23-24","Drought","V60-96","V60-96",0.007053
"757","V60-96.5_11.30","V60-96.5","11/02-03","Drought","V60-96","V60-96",0.0135905
"758","V60-96.5_12.02","V60-96.5","12/02","Drought","V60-96","V60-96",0.0082395
"759","V60-96.6_10.27","V60-96.6","10/26-27","Control","V60-96","V60-96",0.277959666666667
"760","V60-96.6_11.06","V60-96.6","11/06","Control","V60-96","V60-96",0.0931935
"761","V60-96.6_11.11","V60-96.6","11/11","Control","V60-96","V60-96",0.144328
"762","V60-96.6_11.23","V60-96.6","11/23-24","Control","V60-96","V60-96",0.1172475
"763","V60-96.6_11.30","V60-96.6","11/02-03","Control","V60-96","V60-96",0.2982245
"764","V60-96.6_12.02","V60-96.6","12/02","Control","V60-96","V60-96",0.120879333333333
"765","V60-96.7_10.26","V60-96.7","10/26-27","Control","V60-96","V60-96",0.225517
"766","V60-96.7_11.06","V60-96.7","11/06","Control","V60-96","V60-96",0.0945255
"767","V60-96.7_11.11","V60-96.7","11/11","Control","V60-96","V60-96",0.201687
"768","V60-96.7_11.16","V60-96.7","11/16-17","Control","V60-96","V60-96",0.175142
"769","V60-96.7_11.23","V60-96.7","11/23-24","Control","V60-96","V60-96",0.1405825
"770","V60-96.7_11.30","V60-96.7","11/02-03","Control","V60-96","V60-96",0.368158
"771","V60-96.8_10.26","V60-96.8","10/26-27","Control","V60-96","V60-96",0.138345
"772","V60-96.8_11.06","V60-96.8","11/06","Control","V60-96","V60-96",0.087133
"773","V60-96.8_11.11","V60-96.8","11/11","Control","V60-96","V60-96",0.1299925
"774","V60-96.8_11.16","V60-96.8","11/16-17","Control","V60-96","V60-96",0.1539215
"775","V60-96.8_11.20","V60-96.8","11/02-03","Control","V60-96","V60-96",0.203615
"776","V60-96.8_11.23","V60-96.8","11/23-24","Control","V60-96","V60-96",0.1131695
"777","V60-96.8_11.30","V60-96.8","11/02-03","Control","V60-96","V60-96",0.1762075
"778","V60-96.9_10.27","V60-96.9","10/26-27","Control","V60-96","V60-96",0.691859
"779","V60-96.9_11.06","V60-96.9","11/06","Control","V60-96","V60-96",0.070555
"780","V60-96.9_11.11","V60-96.9","11/11","Control","V60-96","V60-96",0.448408
"781","V60-96.9_11.17","V60-96.9","11/16-17","Control","V60-96","V60-96",0.160564
"782","V60-96.9_11.24","V60-96.9","11/23-24","Control","V60-96","V60-96",0.12535
"783","V60-96.9_11.30","V60-96.9","11/02-03","Control","V60-96","V60-96",0.0674805
"784","V60-96.9_12.02","V60-96.9","12/02","Control","V60-96","V60-96",0.124147666666667
"785","Vru42.1_10.26","Vru42.1","10/26-27","Drought","Vru42","Vru42",0.483693
"786","Vru42.1_11.06","Vru42.1","11/06","Drought","Vru42","Vru42",0.105845
"787","Vru42.1_11.11","Vru42.1","11/11","Drought","Vru42","Vru42",0.1110255
"788","Vru42.1_11.16","Vru42.1","11/16-17","Drought","Vru42","Vru42",0.065381
"789","Vru42.1_11.23","Vru42.1","11/23-24","Drought","Vru42","Vru42",0.028247
"790","Vru42.1_11.30","Vru42.1","11/02-03","Drought","Vru42","Vru42",0.0436805
"791","Vru42.10_10.26","Vru42.10.","10/26-27","Control","Vru42","Vru42",0.258524666666667
"792","Vru42.10_11.06","Vru42.10.","11/06","Control","Vru42","Vru42",0.6508205
"793","Vru42.10_11.11","Vru42.10.","11/11","Control","Vru42","Vru42",0.194957
"794","Vru42.10_11.16","Vru42.10.","11/16-17","Control","Vru42","Vru42",0.3627505
"795","Vru42.10_11.20","Vru42.10.","11/02-03","Control","Vru42","Vru42",0.3619235
"796","Vru42.10_11.23","Vru42.10.","11/23-24","Control","Vru42","Vru42",0.2564075
"797","Vru42.10_11.30","Vru42.10.","11/02-03","Control","Vru42","Vru42",0.170371
"798","Vru42.2_10.27","Vru42.2","10/26-27","Drought","Vru42","Vru42",0.256448333333333
"799","Vru42.2_11.06","Vru42.2","11/06","Drought","Vru42","Vru42",0.0617895
"800","Vru42.2_11.11","Vru42.2","11/11","Drought","Vru42","Vru42",0.157012
"801","Vru42.2_11.23","Vru42.2","11/23-24","Drought","Vru42","Vru42",0.018887
"802","Vru42.2_11.30","Vru42.2","11/02-03","Drought","Vru42","Vru42",0.029402
"803","Vru42.2_12.02","Vru42.2","12/02","Drought","Vru42","Vru42",0.0240136666666667
"804","Vru42.3_10.27","Vru42.3","10/26-27","Drought","Vru42","Vru42",0.499833
"805","Vru42.3_11.06","Vru42.3","11/06","Drought","Vru42","Vru42",0.1502325
"806","Vru42.3_11.11","Vru42.3","11/11","Drought","Vru42","Vru42",0.134344
"807","Vru42.3_11.24","Vru42.3","11/23-24","Drought","Vru42","Vru42",0.0893195
"808","Vru42.3_11.30","Vru42.3","11/02-03","Drought","Vru42","Vru42",0.018903
"809","Vru42.3_12.02","Vru42.3","12/02","Drought","Vru42","Vru42",0.030383
"810","Vru42.4_10.27","Vru42.4","10/26-27","Drought","Vru42","Vru42",0.189888
"811","Vru42.4_11.06","Vru42.4","11/06","Drought","Vru42","Vru42",0.039008
"812","Vru42.4_11.11","Vru42.4","11/11","Drought","Vru42","Vru42",0.0803475
"813","Vru42.4_11.17","Vru42.4","11/16-17","Drought","Vru42","Vru42",0.019726
"814","Vru42.4_11.24","Vru42.4","11/23-24","Drought","Vru42","Vru42",0.0196485
"815","Vru42.4_11.30","Vru42.4","11/02-03","Drought","Vru42","Vru42",0.03292
"816","Vru42.4_12.02","Vru42.4","12/02","Drought","Vru42","Vru42",0.0531416666666667
"817","Vru42.5_10.26","Vru42.5","10/26-27","Drought","Vru42","Vru42",0.323155
"818","Vru42.5_11.06","Vru42.5","11/06","Drought","Vru42","Vru42",0.4864995
"819","Vru42.5_11.11","Vru42.5","11/11","Drought","Vru42","Vru42",0.2257375
"820","Vru42.5_11.16","Vru42.5","11/16-17","Drought","Vru42","Vru42",0.0482345
"821","Vru42.5_11.23","Vru42.5","11/23-24","Drought","Vru42","Vru42",0.0541625
"822","Vru42.5_11.30","Vru42.5","11/02-03","Drought","Vru42","Vru42",0.0495115
"823","Vru42.6_10.26","Vru42.6","10/26-27","Control","Vru42","Vru42",0.472184333333333
"824","Vru42.6_11.06","Vru42.6","11/06","Control","Vru42","Vru42",0.4662445
"825","Vru42.6_11.11","Vru42.6","11/11","Control","Vru42","Vru42",0.135631
"826","Vru42.6_11.16","Vru42.6","11/16-17","Control","Vru42","Vru42",0.356253
"827","Vru42.6_11.23","Vru42.6","11/23-24","Control","Vru42","Vru42",0.035071
"828","Vru42.6_11.30","Vru42.6","11/02-03","Control","Vru42","Vru42",0.2158575
"829","Vru42.7_10.27","Vru42.7","10/26-27","Control","Vru42","Vru42",0.327825333333333
"830","Vru42.7_11.06","Vru42.7","11/06","Control","Vru42","Vru42",0.263527
"831","Vru42.7_11.11","Vru42.7","11/11","Control","Vru42","Vru42",0.1746165
"832","Vru42.7_11.17","Vru42.7","11/16-17","Control","Vru42","Vru42",0.482627
"833","Vru42.7_11.24","Vru42.7","11/23-24","Control","Vru42","Vru42",0.1792705
"834","Vru42.7_11.30","Vru42.7","11/02-03","Control","Vru42","Vru42",0.121524
"835","Vru42.7_12.02","Vru42.7","12/02","Control","Vru42","Vru42",0.119337
"836","Vru42.8_10.27","Vru42.8","10/26-27","Control","Vru42","Vru42",0.241816333333333
"837","Vru42.8_11.06","Vru42.8","11/06","Control","Vru42","Vru42",0.5906685
"838","Vru42.8_11.11","Vru42.8","11/11","Control","Vru42","Vru42",0.162579
"839","Vru42.8_11.16","Vru42.8","11/16-17","Control","Vru42","Vru42",0.5046915
"840","Vru42.8_11.20","Vru42.8","11/02-03","Control","Vru42","Vru42",0.2119535
"841","Vru42.8_11.23","Vru42.8","11/23-24","Control","Vru42","Vru42",0.023251
"842","Vru42.8_11.30","Vru42.8","11/02-03","Control","Vru42","Vru42",0.122818
"843","Vru42.9_10.27","Vru42.9","10/26-27","Control","Vru42","Vru42",0.521990333333333
"844","Vru42.9_11.06","Vru42.9","11/06","Control","Vru42","Vru42",0.1265285
"845","Vru42.9_11.11","Vru42.9","11/11","Control","Vru42","Vru42",0.2449035
"846","Vru42.9_11.17","Vru42.9","11/16-17","Control","Vru42","Vru42",0.4668975
"847","Vru42.9_11.24","Vru42.9","11/23-24","Control","Vru42","Vru42",0.253491
"848","Vru42.9_11.30","Vru42.9","11/02-03","Control","Vru42","Vru42",0.1028815
"849","Vru42.9_12.02","Vru42.9","12/02","Control","Vru42","Vru42",0.104843
