"Species","Treatment","species_geno","Genotype","Porosity","SpongyV_TotalMesophyllV","PalisadeV_TotalMesophyllV","SpongyV_PalisadeV","Leaf_Width_um","Mesophyll_Width_um","SASP_SAWM","SAPA_SAWM","SASPPA_SAWM","Treatment_factor","mean_Porosity","sd_Porosity","Tukey_Porosity","mean_SpongyV_TotalMesophyllV","sd_SpongyV_TotalMesophyllV","Tukey_SpongyV_TotalMesophyllV","mean_PalisadeV_TotalMesophyllV","sd_PalisadeV_TotalMesophyllV","Tukey_PalisadeV_TotalMesophyllV","mean_SpongyV_PalisadeV","sd_SpongyV_PalisadeV","Tukey_SpongyV_PalisadeV","mean_Leaf_Width_um","sd_Leaf_Width_um","Tukey_Leaf_Width_um","mean_Mesophyll_Width_um","sd_Mesophyll_Width_um","Tukey_Mesophyll_Width_um","mean_SASP_SAWM","sd_SASP_SAWM","Tukey_SASP_SAWM","mean_SAPA_SAWM","sd_SAPA_SAWM","Tukey_SAPA_SAWM","mean_SASPPA_SAWM","sd_SASPPA_SAWM","Tukey_SASPPA_SAWM"
"acerifolia","Control","acerifolia_9018","9018",0.4250145889,0.3426098198,0.2323755913,1.47437955,216.1642167,180.3670858,0.3426098198,0.2323755913,0.5749854111,"Control",0.40789494985,0.0167258881885958,"b",0.341993987525,0.0158060060794529,"de",0.250111062625,0.0164451888808394,"d",1.37314153425,0.129898163631915,"b",218.10019165,11.2566648305822,"ab",180.110592675,9.7960140957658,"a",0.341993987525,0.0158060060794529,"de",0.250111062625,0.0164451888808394,"d",0.59210505015,0.0167258881885958,"d"
"acerifolia","Control","acerifolia_9018","9018",0.3952153623,0.3333472407,0.271437397,1.228081482,203.6846528,166.7821774,0.3333472407,0.271437397,0.6047846377,"Control",0.40789494985,0.0167258881885958,"b",0.341993987525,0.0158060060794529,"de",0.250111062625,0.0164451888808394,"d",1.37314153425,0.129898163631915,"b",218.10019165,11.2566648305822,"ab",180.110592675,9.7960140957658,"a",0.341993987525,0.0158060060794529,"de",0.250111062625,0.0164451888808394,"d",0.59210505015,0.0167258881885958,"d"
"acerifolia","Control","acerifolia_9018","9018",0.3919717311,0.3639272601,0.2441010088,1.490887981,230.4530138,190.1633463,0.3639272601,0.2441010088,0.6080282689,"Control",0.40789494985,0.0167258881885958,"b",0.341993987525,0.0158060060794529,"de",0.250111062625,0.0164451888808394,"d",1.37314153425,0.129898163631915,"b",218.10019165,11.2566648305822,"ab",180.110592675,9.7960140957658,"a",0.341993987525,0.0158060060794529,"de",0.250111062625,0.0164451888808394,"d",0.59210505015,0.0167258881885958,"d"
"acerifolia","Control","acerifolia_9018","9018",0.4193781171,0.3280916295,0.2525302534,1.299217124,222.0988833,183.1297612,0.3280916295,0.2525302534,0.5806218829,"Control",0.40789494985,0.0167258881885958,"b",0.341993987525,0.0158060060794529,"de",0.250111062625,0.0164451888808394,"d",1.37314153425,0.129898163631915,"b",218.10019165,11.2566648305822,"ab",180.110592675,9.7960140957658,"a",0.341993987525,0.0158060060794529,"de",0.250111062625,0.0164451888808394,"d",0.59210505015,0.0167258881885958,"d"
"acerifolia","Drought","acerifolia_9018","9018",0.4253914595,0.2665543987,0.3080541419,0.8652842551,218.005381,178.5568217,0.2665543987,0.3080541419,0.5746085405,"Drought",0.419986973175,0.0155753406499209,"b",0.264858423975,0.0232425598974764,"de",0.315154602875,0.00943491333002823,"d",0.842384597575,0.0944916537566547,"b",224.9891308,6.99183592192876,"ab",184.532448725,5.96591477529445,"a",0.264858423975,0.0232425598974764,"de",0.315154602875,0.00943491333002823,"d",0.580013026825,0.0155753406499209,"d"
"acerifolia","Drought","acerifolia_9018","9018",0.4394352255,0.2320988858,0.3284658887,0.706614884,220.2150177,181.1612315,0.2320988858,0.3284658887,0.5605647745,"Drought",0.419986973175,0.0155753406499209,"b",0.264858423975,0.0232425598974764,"de",0.315154602875,0.00943491333002823,"d",0.842384597575,0.0944916537566547,"b",224.9891308,6.99183592192876,"ab",184.532448725,5.96591477529445,"a",0.264858423975,0.0232425598974764,"de",0.315154602875,0.00943491333002823,"d",0.580013026825,0.0155753406499209,"d"
"acerifolia","Drought","acerifolia_9018","9018",0.4051625412,0.2859630691,0.3088743897,0.9258231779,229.140532,186.3755489,0.2859630691,0.3088743897,0.5948374588,"Drought",0.419986973175,0.0155753406499209,"b",0.264858423975,0.0232425598974764,"de",0.315154602875,0.00943491333002823,"d",0.842384597575,0.0944916537566547,"b",224.9891308,6.99183592192876,"ab",184.532448725,5.96591477529445,"a",0.264858423975,0.0232425598974764,"de",0.315154602875,0.00943491333002823,"d",0.580013026825,0.0155753406499209,"d"
"acerifolia","Drought","acerifolia_9018","9018",0.4099586665,0.2748173423,0.3152239912,0.8718160733,232.5955925,192.0361928,0.2748173423,0.3152239912,0.5900413335,"Drought",0.419986973175,0.0155753406499209,"b",0.264858423975,0.0232425598974764,"de",0.315154602875,0.00943491333002823,"d",0.842384597575,0.0944916537566547,"b",224.9891308,6.99183592192876,"ab",184.532448725,5.96591477529445,"a",0.264858423975,0.0232425598974764,"de",0.315154602875,0.00943491333002823,"d",0.580013026825,0.0155753406499209,"d"
"aestivalis","Control","aestivalis_T52","T52",0.2338088142,0.4169017211,0.3492894647,1.193570844,149.3627436,116.1222481,0.4169017211,0.3492894647,0.7661911858,"Control",0.2313690321,0.00776809430539078,"e",0.402020209375,0.0154716322127716,"ab",0.366610758525,0.0209766810488276,"b",1.100994536775,0.103340447073181,"bcd",152.765527175,4.96985198312323,"ef",119.3964541,4.41940903471368,"d",0.402020209375,0.0154716322127716,"ab",0.366610758525,0.0209766810488276,"b",0.7686309679,0.00776809430539078,"a"
"aestivalis","Control","aestivalis_T52","T52",0.2405167012,0.4114186186,0.3480646803,1.182017717,150.3570192,117.8451455,0.4114186186,0.3480646803,0.7594832988,"Control",0.2313690321,0.00776809430539078,"e",0.402020209375,0.0154716322127716,"ab",0.366610758525,0.0209766810488276,"b",1.100994536775,0.103340447073181,"bcd",152.765527175,4.96985198312323,"ef",119.3964541,4.41940903471368,"d",0.402020209375,0.0154716322127716,"ab",0.366610758525,0.0209766810488276,"b",0.7686309679,0.00776809430539078,"a"
"aestivalis","Control","aestivalis_T52","T52",0.2290583345,0.3823447515,0.388596914,0.9839109311,160.1339571,125.9216164,0.3823447515,0.388596914,0.7709416655,"Control",0.2313690321,0.00776809430539078,"e",0.402020209375,0.0154716322127716,"ab",0.366610758525,0.0209766810488276,"b",1.100994536775,0.103340447073181,"bcd",152.765527175,4.96985198312323,"ef",119.3964541,4.41940903471368,"d",0.402020209375,0.0154716322127716,"ab",0.366610758525,0.0209766810488276,"b",0.7686309679,0.00776809430539078,"a"
"aestivalis","Control","aestivalis_T52","T52",0.2220922785,0.3974157463,0.3804919751,1.044478655,151.2083888,117.6968064,0.3974157463,0.3804919751,0.7779077215,"Control",0.2313690321,0.00776809430539078,"e",0.402020209375,0.0154716322127716,"ab",0.366610758525,0.0209766810488276,"b",1.100994536775,0.103340447073181,"bcd",152.765527175,4.96985198312323,"ef",119.3964541,4.41940903471368,"d",0.402020209375,0.0154716322127716,"ab",0.366610758525,0.0209766810488276,"b",0.7686309679,0.00776809430539078,"a"
"aestivalis","Drought","aestivalis_T52","T52",0.2411480958,0.355450208,0.4034016961,0.8811321604,154.4771896,122.1244575,0.355450208,0.4034016961,0.7588519042,"Drought",0.234507822475,0.0272363819572102,"e",0.3628366581,0.0104291429179374,"ab",0.4026555194,0.0191305644657967,"b",0.901999879125,0.0319593084616114,"bcd",154.85163945,13.7184272388377,"ef",121.40311195,12.2562746656313,"d",0.3628366581,0.0104291429179374,"ab",0.4026555194,0.0191305644657967,"b",0.765492177525,0.0272363819572102,"a"
"aestivalis","Drought","aestivalis_T52","T52",0.2592503219,0.3529347581,0.38781492,0.910059773,164.2271307,131.0150103,0.3529347581,0.38781492,0.7407496781,"Drought",0.234507822475,0.0272363819572102,"e",0.3628366581,0.0104291429179374,"ab",0.4026555194,0.0191305644657967,"b",0.901999879125,0.0319593084616114,"bcd",154.85163945,13.7184272388377,"ef",121.40311195,12.2562746656313,"d",0.3628366581,0.0104291429179374,"ab",0.4026555194,0.0191305644657967,"b",0.765492177525,0.0272363819572102,"a"
"aestivalis","Drought","aestivalis_T52","T52",0.1956136584,0.3749629498,0.4294233918,0.873177747,165.1165567,128.5724519,0.3749629498,0.4294233918,0.8043863416,"Drought",0.234507822475,0.0272363819572102,"e",0.3628366581,0.0104291429179374,"ab",0.4026555194,0.0191305644657967,"b",0.901999879125,0.0319593084616114,"bcd",154.85163945,13.7184272388377,"ef",121.40311195,12.2562746656313,"d",0.3628366581,0.0104291429179374,"ab",0.4026555194,0.0191305644657967,"b",0.765492177525,0.0272363819572102,"a"
"aestivalis","Drought","aestivalis_T52","T52",0.2420192138,0.3679987165,0.3899820697,0.9436298361,135.5856808,103.9005281,0.3679987165,0.3899820697,0.7579807862,"Drought",0.234507822475,0.0272363819572102,"e",0.3628366581,0.0104291429179374,"ab",0.4026555194,0.0191305644657967,"b",0.901999879125,0.0319593084616114,"bcd",154.85163945,13.7184272388377,"ef",121.40311195,12.2562746656313,"d",0.3628366581,0.0104291429179374,"ab",0.4026555194,0.0191305644657967,"b",0.765492177525,0.0272363819572102,"a"
"arizonica","Control","arizonica_b40-14","b40-14",0.2843022842,0.3305181223,0.3851795935,0.8580883512,160.6608916,129.7191319,0.3305181223,0.3851795935,0.7156977158,"Control",0.299135165066667,0.0128773091576472,"d",0.3397622516,0.0139153443178031,"cd",0.361102583333333,0.0233365712868347,"bc",0.945004918266667,0.0976980420613998,"bcde",154.4511991,6.2140985261141,"f",122.638422,6.69565516477485,"d",0.3397622516,0.0139153443178031,"cd",0.361102583333333,0.0233365712868347,"bc",0.700864834933333,0.0128773091576472,"b"
"arizonica","Control","arizonica_b40-14","b40-14",0.3074540051,0.3330024727,0.3595435222,0.9261812606,148.2327039,116.4093018,0.3330024727,0.3595435222,0.6925459949,"Control",0.299135165066667,0.0128773091576472,"d",0.3397622516,0.0139153443178031,"cd",0.361102583333333,0.0233365712868347,"bc",0.945004918266667,0.0976980420613998,"bcde",154.4511991,6.2140985261141,"f",122.638422,6.69565516477485,"d",0.3397622516,0.0139153443178031,"cd",0.361102583333333,0.0233365712868347,"bc",0.700864834933333,0.0128773091576472,"b"
"arizonica","Control","arizonica_b40-14","b40-14",0.3056492059,0.3557661598,0.3385846343,1.050745143,154.4600018,121.7868323,0.3557661598,0.3385846343,0.6943507941,"Control",0.299135165066667,0.0128773091576472,"d",0.3397622516,0.0139153443178031,"cd",0.361102583333333,0.0233365712868347,"bc",0.945004918266667,0.0976980420613998,"bcde",154.4511991,6.2140985261141,"f",122.638422,6.69565516477485,"d",0.3397622516,0.0139153443178031,"cd",0.361102583333333,0.0233365712868347,"bc",0.700864834933333,0.0128773091576472,"b"
"arizonica","Drought","arizonica_b40-14","b40-14",0.2769806596,0.3409557295,0.3820636109,0.8924056616,128.8909643,102.4179029,0.3409557295,0.3820636109,0.7230193404,"Drought",0.3146320106,0.0268894724290616,"d",0.322439677,0.0209279596768966,"cd",0.3629283124,0.0262810002074271,"bc",0.8930628392,0.0985808531408518,"bcde",134.302490575,5.48837615626509,"f",106.79169895,5.09789398743223,"d",0.322439677,0.0209279596768966,"cd",0.3629283124,0.0262810002074271,"bc",0.6853679894,0.0268894724290616,"b"
"arizonica","Drought","arizonica_b40-14","b40-14",0.3230147806,0.3331470015,0.3438382179,0.9689062594,141.4756546,112.8630956,0.3331470015,0.3438382179,0.6769852194,"Drought",0.3146320106,0.0268894724290616,"d",0.322439677,0.0209279596768966,"cd",0.3629283124,0.0262810002074271,"bc",0.8930628392,0.0985808531408518,"bcde",134.302490575,5.48837615626509,"f",106.79169895,5.09789398743223,"d",0.322439677,0.0209279596768966,"cd",0.3629283124,0.0262810002074271,"bc",0.6853679894,0.0268894724290616,"b"
"arizonica","Drought","arizonica_b40-14","b40-14",0.340511549,0.3224813944,0.3370070566,0.9568980473,131.4121648,102.7387844,0.3224813944,0.3370070566,0.659488451,"Drought",0.3146320106,0.0268894724290616,"d",0.322439677,0.0209279596768966,"cd",0.3629283124,0.0262810002074271,"bc",0.8930628392,0.0985808531408518,"bcde",134.302490575,5.48837615626509,"f",106.79169895,5.09789398743223,"d",0.322439677,0.0209279596768966,"cd",0.3629283124,0.0262810002074271,"bc",0.6853679894,0.0268894724290616,"b"
"arizonica","Drought","arizonica_b40-14","b40-14",0.3180210532,0.2931745826,0.3888043642,0.7540413885,135.4311786,109.1470129,0.2931745826,0.3888043642,0.6819789468,"Drought",0.3146320106,0.0268894724290616,"d",0.322439677,0.0209279596768966,"cd",0.3629283124,0.0262810002074271,"bc",0.8930628392,0.0985808531408518,"bcde",134.302490575,5.48837615626509,"f",106.79169895,5.09789398743223,"d",0.322439677,0.0209279596768966,"cd",0.3629283124,0.0262810002074271,"bc",0.6853679894,0.0268894724290616,"b"
"cinerea","Control","cinerea_b42-34","b42-34",0.3420925532,0.3966832447,0.261224202,1.518554719,164.0952572,134.3253574,0.3966832447,0.261224202,0.6579074468,"Control",0.37226682155,0.0317324999247275,"d",0.359076179775,0.0293884446394812,"a",0.268656998625,0.0134920484650478,"d",1.33923814125,0.132498150979869,"a",175.3761956,18.2404317373324,"d",143.345779825,18.4146869185414,"bc",0.359076179775,0.0293884446394812,"a",0.268656998625,0.0134920484650478,"d",0.62773317845,0.0317324999247275,"b"
"cinerea","Control","cinerea_b42-34","b42-34",0.3928110343,0.3494845166,0.2577044491,1.356144676,175.9980654,146.9568127,0.3494845166,0.2577044491,0.6071889657,"Control",0.37226682155,0.0317324999247275,"d",0.359076179775,0.0293884446394812,"a",0.268656998625,0.0134920484650478,"d",1.33923814125,0.132498150979869,"a",175.3761956,18.2404317373324,"d",143.345779825,18.4146869185414,"bc",0.359076179775,0.0293884446394812,"a",0.268656998625,0.0134920484650478,"d",0.62773317845,0.0317324999247275,"b"
"cinerea","Control","cinerea_b42-34","b42-34",0.3484293231,0.3636738455,0.2878968313,1.263208921,200.876078,167.3608448,0.3636738455,0.2878968313,0.6515706769,"Control",0.37226682155,0.0317324999247275,"d",0.359076179775,0.0293884446394812,"a",0.268656998625,0.0134920484650478,"d",1.33923814125,0.132498150979869,"a",175.3761956,18.2404317373324,"d",143.345779825,18.4146869185414,"bc",0.359076179775,0.0293884446394812,"a",0.268656998625,0.0134920484650478,"d",0.62773317845,0.0317324999247275,"b"
"cinerea","Control","cinerea_b42-34","b42-34",0.4057343756,0.3264631123,0.2678025121,1.219044249,160.5353818,124.7401044,0.3264631123,0.2678025121,0.5942656244,"Control",0.37226682155,0.0317324999247275,"d",0.359076179775,0.0293884446394812,"a",0.268656998625,0.0134920484650478,"d",1.33923814125,0.132498150979869,"a",175.3761956,18.2404317373324,"d",143.345779825,18.4146869185414,"bc",0.359076179775,0.0293884446394812,"a",0.268656998625,0.0134920484650478,"d",0.62773317845,0.0317324999247275,"b"
"cinerea","Drought","cinerea_b42-34","b42-34",0.3099776957,0.4002913131,0.2897309912,1.381596465,167.0212604,137.6714961,0.4002913131,0.2897309912,0.6900223043,"Drought",0.26261222735,0.0330327456998301,"d",0.435156746775,0.0307360658215863,"a",0.302231025875,0.0135197644394678,"d",1.44197795525,0.120815536778182,"a",180.88777685,14.76481666433,"d",150.1926125,14.1968032671992,"bc",0.435156746775,0.0307360658215863,"a",0.302231025875,0.0135197644394678,"d",0.73738777265,0.0330327456998301,"b"
"cinerea","Drought","cinerea_b42-34","b42-34",0.2459387394,0.4530845268,0.3009767338,1.505380569,176.272645,144.9152443,0.4530845268,0.3009767338,0.7540612606,"Drought",0.26261222735,0.0330327456998301,"d",0.435156746775,0.0307360658215863,"a",0.302231025875,0.0135197644394678,"d",1.44197795525,0.120815536778182,"a",180.88777685,14.76481666433,"d",150.1926125,14.1968032671992,"bc",0.435156746775,0.0307360658215863,"a",0.302231025875,0.0135197644394678,"d",0.73738777265,0.0330327456998301,"b"
"cinerea","Drought","cinerea_b42-34","b42-34",0.2591194064,0.4196081694,0.3212724242,1.306082122,178.5175276,147.6545109,0.4196081694,0.3212724242,0.7408805936,"Drought",0.26261222735,0.0330327456998301,"d",0.435156746775,0.0307360658215863,"a",0.302231025875,0.0135197644394678,"d",1.44197795525,0.120815536778182,"a",180.88777685,14.76481666433,"d",150.1926125,14.1968032671992,"bc",0.435156746775,0.0307360658215863,"a",0.302231025875,0.0135197644394678,"d",0.73738777265,0.0330327456998301,"b"
"cinerea","Drought","cinerea_b42-34","b42-34",0.2354130679,0.4676429778,0.2969439543,1.574852665,201.7396744,170.5291987,0.4676429778,0.2969439543,0.7645869321,"Drought",0.26261222735,0.0330327456998301,"d",0.435156746775,0.0307360658215863,"a",0.302231025875,0.0135197644394678,"d",1.44197795525,0.120815536778182,"a",180.88777685,14.76481666433,"d",150.1926125,14.1968032671992,"bc",0.435156746775,0.0307360658215863,"a",0.302231025875,0.0135197644394678,"d",0.73738777265,0.0330327456998301,"b"
"hybrid","Control","hybrid_TXNM0821","TXNM0821",0.4309892874,0.3104432053,0.2585675073,1.200627289,234.9127687,191.798988,0.3104432053,0.2585675073,0.5690107126,"Control",0.4606828695,0.0204378947180867,"a",0.279385453175,0.0213353923363638,"fg",0.259931677325,0.00714217030973908,"d",1.07593102175,0.09456503529955,"cde",236.194770925,6.40619595695162,"a",196.022422,6.81879878518497,"a",0.279385453175,0.0213353923363638,"fg",0.259931677325,0.00714217030973908,"d",0.5393171305,0.0204378947180867,"e"
"hybrid","Control","hybrid_TXNM0821","TXNM0821",0.4747362681,0.2629252668,0.2623384651,1.002236812,243.2502496,204.4793434,0.2629252668,0.2623384651,0.5252637319,"Control",0.4606828695,0.0204378947180867,"a",0.279385453175,0.0213353923363638,"fg",0.259931677325,0.00714217030973908,"d",1.07593102175,0.09456503529955,"cde",236.194770925,6.40619595695162,"a",196.022422,6.81879878518497,"a",0.279385453175,0.0213353923363638,"fg",0.259931677325,0.00714217030973908,"d",0.5393171305,0.0204378947180867,"e"
"hybrid","Control","hybrid_TXNM0821","TXNM0821",0.473582731,0.2755167383,0.2509005307,1.098111421,228.0626435,189.3686127,0.2755167383,0.2509005307,0.526417269,"Control",0.4606828695,0.0204378947180867,"a",0.279385453175,0.0213353923363638,"fg",0.259931677325,0.00714217030973908,"d",1.07593102175,0.09456503529955,"cde",236.194770925,6.40619595695162,"a",196.022422,6.81879878518497,"a",0.279385453175,0.0213353923363638,"fg",0.259931677325,0.00714217030973908,"d",0.5393171305,0.0204378947180867,"e"
"hybrid","Control","hybrid_TXNM0821","TXNM0821",0.4634231915,0.2686566023,0.2679202062,1.002748565,238.5534219,198.4427439,0.2686566023,0.2679202062,0.5365768085,"Control",0.4606828695,0.0204378947180867,"a",0.279385453175,0.0213353923363638,"fg",0.259931677325,0.00714217030973908,"d",1.07593102175,0.09456503529955,"cde",236.194770925,6.40619595695162,"a",196.022422,6.81879878518497,"a",0.279385453175,0.0213353923363638,"fg",0.259931677325,0.00714217030973908,"d",0.5393171305,0.0204378947180867,"e"
"hybrid","Drought","hybrid_TXNM0821","TXNM0821",0.4753302689,0.2419014501,0.282768281,0.8554759016,259.3768231,215.6094139,0.2419014501,0.282768281,0.5246697311,"Drought",0.4656954082,0.0288247134532489,"a",0.22398179615,0.0132934836251984,"fg",0.3103227956,0.035410596529093,"d",0.730981370975,0.11419562174413,"cde",237.97428925,14.7850067510124,"a",198.171584925,12.3708292698962,"a",0.22398179615,0.0132934836251984,"fg",0.3103227956,0.035410596529093,"d",0.5343045918,0.0288247134532489,"e"
"hybrid","Drought","hybrid_TXNM0821","TXNM0821",0.4685918271,0.2105535844,0.3208545885,0.6562274375,227.6918134,190.5965665,0.2105535844,0.3208545885,0.5314081729,"Drought",0.4656954082,0.0288247134532489,"a",0.22398179615,0.0132934836251984,"fg",0.3103227956,0.035410596529093,"d",0.730981370975,0.11419562174413,"cde",237.97428925,14.7850067510124,"a",198.171584925,12.3708292698962,"a",0.22398179615,0.0132934836251984,"fg",0.3103227956,0.035410596529093,"d",0.5343045918,0.0288247134532489,"e"
"hybrid","Drought","hybrid_TXNM0821","TXNM0821",0.4254234745,0.2186838033,0.3558927221,0.614465511,228.5307268,188.2896266,0.2186838033,0.3558927221,0.5745765255,"Drought",0.4656954082,0.0288247134532489,"a",0.22398179615,0.0132934836251984,"fg",0.3103227956,0.035410596529093,"d",0.730981370975,0.11419562174413,"cde",237.97428925,14.7850067510124,"a",198.171584925,12.3708292698962,"a",0.22398179615,0.0132934836251984,"fg",0.3103227956,0.035410596529093,"d",0.5343045918,0.0288247134532489,"e"
"hybrid","Drought","hybrid_TXNM0821","TXNM0821",0.4934360623,0.2247883468,0.2817755908,0.7977566338,236.2977937,198.1907327,0.2247883468,0.2817755908,0.5065639377,"Drought",0.4656954082,0.0288247134532489,"a",0.22398179615,0.0132934836251984,"fg",0.3103227956,0.035410596529093,"d",0.730981370975,0.11419562174413,"cde",237.97428925,14.7850067510124,"a",198.171584925,12.3708292698962,"a",0.22398179615,0.0132934836251984,"fg",0.3103227956,0.035410596529093,"d",0.5343045918,0.0288247134532489,"e"
"mustangensis","Control","mustangensis_T48","T48",0.3311709738,0.3018875915,0.3669414347,0.8227132808,201.2299456,160.2011058,0.3018875915,0.3669414347,0.6688290262,"Control",0.37923059,0.0331750658709932,"bc",0.2716553969,0.0264530627007573,"ef",0.3491140131,0.0195859267158286,"bc",0.780077287,0.0880047992717828,"e",203.76658695,16.5942275178487,"bc",161.922278375,13.5175868331141,"b",0.2716553969,0.0264530627007573,"ef",0.3491140131,0.0195859267158286,"bc",0.62076941,0.0331750658709932,"cd"
"mustangensis","Control","mustangensis_T48","T48",0.3980253609,0.2805892978,0.3213853413,0.8730619036,208.0140254,166.1128719,0.2805892978,0.3213853413,0.6019746391,"Control",0.37923059,0.0331750658709932,"bc",0.2716553969,0.0264530627007573,"ef",0.3491140131,0.0195859267158286,"bc",0.780077287,0.0880047992717828,"e",203.76658695,16.5942275178487,"bc",161.922278375,13.5175868331141,"b",0.2716553969,0.0264530627007573,"ef",0.3491140131,0.0195859267158286,"bc",0.62076941,0.0331750658709932,"cd"
"mustangensis","Control","mustangensis_T48","T48",0.404123843,0.2390627011,0.3568134559,0.6699935137,182.9091077,144.4918442,0.2390627011,0.3568134559,0.595876157,"Control",0.37923059,0.0331750658709932,"bc",0.2716553969,0.0264530627007573,"ef",0.3491140131,0.0195859267158286,"bc",0.780077287,0.0880047992717828,"e",203.76658695,16.5942275178487,"bc",161.922278375,13.5175868331141,"b",0.2716553969,0.0264530627007573,"ef",0.3491140131,0.0195859267158286,"bc",0.62076941,0.0331750658709932,"cd"
"mustangensis","Control","mustangensis_T48","T48",0.3836021823,0.2650819972,0.3513158205,0.7545404499,222.9132691,176.8832916,0.2650819972,0.3513158205,0.6163978177,"Control",0.37923059,0.0331750658709932,"bc",0.2716553969,0.0264530627007573,"ef",0.3491140131,0.0195859267158286,"bc",0.780077287,0.0880047992717828,"e",203.76658695,16.5942275178487,"bc",161.922278375,13.5175868331141,"b",0.2716553969,0.0264530627007573,"ef",0.3491140131,0.0195859267158286,"bc",0.62076941,0.0331750658709932,"cd"
"mustangensis","Drought","mustangensis_T48","T48",0.3796939187,0.2759856047,0.3443204766,0.8015370083,195.1364696,152.9458924,0.2759856047,0.3443204766,0.6203060813,"Drought",0.372099180975,0.0249215372150213,"bc",0.2747854518,0.0157153746481801,"ef",0.3531153672,0.0209513988253038,"bc",0.780275741775,0.0643890749569957,"e",201.4381582,14.5821157678826,"bc",158.20965005,10.9016567000609,"b",0.2747854518,0.0157153746481801,"ef",0.3531153672,0.0209513988253038,"bc",0.627900819025,0.0249215372150213,"cd"
"mustangensis","Drought","mustangensis_T48","T48",0.3500937823,0.2664883277,0.38341789,0.6950336294,184.5696706,145.8020478,0.2664883277,0.38341789,0.6499062177,"Drought",0.372099180975,0.0249215372150213,"bc",0.2747854518,0.0157153746481801,"ef",0.3531153672,0.0209513988253038,"bc",0.780275741775,0.0643890749569957,"e",201.4381582,14.5821157678826,"bc",158.20965005,10.9016567000609,"b",0.2747854518,0.0157153746481801,"ef",0.3531153672,0.0209513988253038,"bc",0.627900819025,0.0249215372150213,"cd"
"mustangensis","Drought","mustangensis_T48","T48",0.3546316735,0.2962985257,0.3490698008,0.8488231437,208.267796,163.9839465,0.2962985257,0.3490698008,0.6453683265,"Drought",0.372099180975,0.0249215372150213,"bc",0.2747854518,0.0157153746481801,"ef",0.3531153672,0.0209513988253038,"bc",0.780275741775,0.0643890749569957,"e",201.4381582,14.5821157678826,"bc",158.20965005,10.9016567000609,"b",0.2747854518,0.0157153746481801,"ef",0.3531153672,0.0209513988253038,"bc",0.627900819025,0.0249215372150213,"cd"
"mustangensis","Drought","mustangensis_T48","T48",0.4039773494,0.2603693491,0.3356533014,0.7757091857,217.7786966,170.1067135,0.2603693491,0.3356533014,0.5960226506,"Drought",0.372099180975,0.0249215372150213,"bc",0.2747854518,0.0157153746481801,"ef",0.3531153672,0.0209513988253038,"bc",0.780275741775,0.0643890749569957,"e",201.4381582,14.5821157678826,"bc",158.20965005,10.9016567000609,"b",0.2747854518,0.0157153746481801,"ef",0.3531153672,0.0209513988253038,"bc",0.627900819025,0.0249215372150213,"cd"
"riparia","Control","riparia_NY1","NY1",0.3210319499,0.3261489463,0.3528191038,0.9244084088,173.8915076,149.1736891,0.3261489463,0.3528191038,0.6789680501,"Control",0.3309445882,0.0066547201554612,"cd",0.30246399485,0.0243293659865088,"de",0.366591416925,0.0205907965820447,"bc",0.829718971675,0.111423480679352,"de",170.726908525,9.40419677639784,"de",144.205630525,6.77236794940405,"c",0.30246399485,0.0243293659865088,"de",0.366591416925,0.0205907965820447,"bc",0.6690554118,0.00665472015546124,"bc"
"riparia","Control","riparia_NY1","NY1",0.3344360528,0.3196390436,0.3459249035,0.9240128143,157.2920247,134.8489134,0.3196390436,0.3459249035,0.6655639472,"Control",0.3309445882,0.0066547201554612,"cd",0.30246399485,0.0243293659865088,"de",0.366591416925,0.0205907965820447,"bc",0.829718971675,0.111423480679352,"de",170.726908525,9.40419677639784,"de",144.205630525,6.77236794940405,"c",0.30246399485,0.0243293659865088,"de",0.366591416925,0.0205907965820447,"bc",0.6690554118,0.00665472015546124,"bc"
"riparia","Control","riparia_NY1","NY1",0.335101072,0.2755138293,0.3893850987,0.7075613069,179.183691,149.2048644,0.2755138293,0.3893850987,0.664898928,"Control",0.3309445882,0.0066547201554612,"cd",0.30246399485,0.0243293659865088,"de",0.366591416925,0.0205907965820447,"bc",0.829718971675,0.111423480679352,"de",170.726908525,9.40419677639784,"de",144.205630525,6.77236794940405,"c",0.30246399485,0.0243293659865088,"de",0.366591416925,0.0205907965820447,"bc",0.6690554118,0.00665472015546124,"bc"
"riparia","Control","riparia_NY1","NY1",0.3332092781,0.2885541602,0.3782365617,0.7628933567,172.5404108,143.5950552,0.2885541602,0.3782365617,0.6667907219,"Control",0.3309445882,0.0066547201554612,"cd",0.30246399485,0.0243293659865088,"de",0.366591416925,0.0205907965820447,"bc",0.829718971675,0.111423480679352,"de",170.726908525,9.40419677639784,"de",144.205630525,6.77236794940405,"c",0.30246399485,0.0243293659865088,"de",0.366591416925,0.0205907965820447,"bc",0.6690554118,0.00665472015546124,"bc"
"riparia","Drought","riparia_NY1","NY1",0.3807263936,0.2940785889,0.3251950175,0.904314559,162.819969,134.5236563,0.2940785889,0.3251950175,0.6192736064,"Drought",0.35237942135,0.023919575050886,"cd",0.2872032188,0.0344040587734283,"de",0.36041735985,0.0512583059719104,"bc",0.815920627675,0.181601373897011,"de",170.81570895,14.6528154176473,"de",140.8426634,12.0132972946507,"c",0.2872032188,0.0344040587734283,"de",0.36041735985,0.0512583059719104,"bc",0.64762057865,0.023919575050886,"bc"
"riparia","Drought","riparia_NY1","NY1",0.3406590811,0.3155263228,0.3438145961,0.9177223026,156.9330839,128.4512315,0.3155263228,0.3438145961,0.6593409189,"Drought",0.35237942135,0.023919575050886,"cd",0.2872032188,0.0344040587734283,"de",0.36041735985,0.0512583059719104,"bc",0.815920627675,0.181601373897011,"de",170.81570895,14.6528154176473,"de",140.8426634,12.0132972946507,"c",0.2872032188,0.0344040587734283,"de",0.36041735985,0.0512583059719104,"bc",0.64762057865,0.023919575050886,"bc"
"riparia","Drought","riparia_NY1","NY1",0.3619168554,0.3018683782,0.3362147664,0.8978439032,173.1489506,144.5216061,0.3018683782,0.3362147664,0.6380831446,"Drought",0.35237942135,0.023919575050886,"cd",0.2872032188,0.0344040587734283,"de",0.36041735985,0.0512583059719104,"bc",0.815920627675,0.181601373897011,"de",170.81570895,14.6528154176473,"de",140.8426634,12.0132972946507,"c",0.2872032188,0.0344040587734283,"de",0.36041735985,0.0512583059719104,"bc",0.64762057865,0.023919575050886,"bc"
"riparia","Drought","riparia_NY1","NY1",0.3262153553,0.2373395853,0.4364450594,0.5438017459,190.3608323,155.8741597,0.2373395853,0.4364450594,0.6737846447,"Drought",0.35237942135,0.023919575050886,"cd",0.2872032188,0.0344040587734283,"de",0.36041735985,0.0512583059719104,"bc",0.815920627675,0.181601373897011,"de",170.81570895,14.6528154176473,"de",140.8426634,12.0132972946507,"c",0.2872032188,0.0344040587734283,"de",0.36041735985,0.0512583059719104,"bc",0.64762057865,0.023919575050886,"bc"
"rupestris","Control","rupestris_Vru42","Vru42",0.3245197485,0.3777062333,0.2977740183,1.268432469,181.8525064,147.3004251,0.3777062333,0.2977740183,0.6754802515,"Control",0.312299235475,0.037030411847355,"d",0.356810718525,0.0145512381257517,"bc",0.33089004605,0.0444824696109013,"c",1.094258201975,0.164038816041241,"bc",180.5505959,8.1094515725016,"cd",147.536153275,7.10435780254347,"bc",0.356810718525,0.0145512381257517,"bc",0.33089004605,0.0444824696109013,"c",0.687700764525,0.037030411847355,"b"
"rupestris","Control","rupestris_Vru42","Vru42",0.3274831817,0.3556714339,0.3168453845,1.122539419,190.5786262,157.144243,0.3556714339,0.3168453845,0.6725168183,"Control",0.312299235475,0.037030411847355,"d",0.356810718525,0.0145512381257517,"bc",0.33089004605,0.0444824696109013,"c",1.094258201975,0.164038816041241,"bc",180.5505959,8.1094515725016,"cd",147.536153275,7.10435780254347,"bc",0.356810718525,0.0145512381257517,"bc",0.33089004605,0.0444824696109013,"c",0.687700764525,0.037030411847355,"b"
"rupestris","Control","rupestris_Vru42","Vru42",0.257619214,0.3458980091,0.3964827769,0.8724162289,170.9581917,140.1000486,0.3458980091,0.3964827769,0.742380786,"Control",0.312299235475,0.037030411847355,"d",0.356810718525,0.0145512381257517,"bc",0.33089004605,0.0444824696109013,"c",1.094258201975,0.164038816041241,"bc",180.5505959,8.1094515725016,"cd",147.536153275,7.10435780254347,"bc",0.356810718525,0.0145512381257517,"bc",0.33089004605,0.0444824696109013,"c",0.687700764525,0.037030411847355,"b"
"rupestris","Control","rupestris_Vru42","Vru42",0.3395747977,0.3479671978,0.3124580045,1.113644691,178.8130593,145.5998964,0.3479671978,0.3124580045,0.6604252023,"Control",0.312299235475,0.037030411847355,"d",0.356810718525,0.0145512381257517,"bc",0.33089004605,0.0444824696109013,"c",1.094258201975,0.164038816041241,"bc",180.5505959,8.1094515725016,"cd",147.536153275,7.10435780254347,"bc",0.356810718525,0.0145512381257517,"bc",0.33089004605,0.0444824696109013,"c",0.687700764525,0.037030411847355,"b"
"rupestris","Drought","rupestris_Vru42","Vru42",0.3144491174,0.3461976115,0.3393532712,1.020168777,187.3891425,155.9906046,0.3461976115,0.3393532712,0.6855508826,"Drought",0.32812134605,0.0201565808987055,"d",0.341634332275,0.0392813445135196,"bc",0.330244321725,0.028557553159289,"c",1.048147133675,0.217068683860654,"bc",190.09203015,5.40623692142581,"cd",156.7174788,5.30424148150616,"bc",0.341634332275,0.0392813445135196,"bc",0.330244321725,0.028557553159289,"c",0.67187865395,0.0201565808987055,"b"
"rupestris","Drought","rupestris_Vru42","Vru42",0.3579266531,0.2938024822,0.3482708647,0.8436033902,195.0913702,160.5869308,0.2938024822,0.3482708647,0.6420733469,"Drought",0.32812134605,0.0201565808987055,"d",0.341634332275,0.0392813445135196,"bc",0.330244321725,0.028557553159289,"c",1.048147133675,0.217068683860654,"bc",190.09203015,5.40623692142581,"cd",156.7174788,5.30424148150616,"bc",0.341634332275,0.0392813445135196,"bc",0.330244321725,0.028557553159289,"c",0.67187865395,0.0201565808987055,"b"
"rupestris","Drought","rupestris_Vru42","Vru42",0.3226470054,0.3895771531,0.2877758416,1.353752111,194.0792856,160.8015427,0.3895771531,0.2877758416,0.6773529946,"Drought",0.32812134605,0.0201565808987055,"d",0.341634332275,0.0392813445135196,"bc",0.330244321725,0.028557553159289,"c",1.048147133675,0.217068683860654,"bc",190.09203015,5.40623692142581,"cd",156.7174788,5.30424148150616,"bc",0.341634332275,0.0392813445135196,"bc",0.330244321725,0.028557553159289,"c",0.67187865395,0.0201565808987055,"b"
"rupestris","Drought","rupestris_Vru42","Vru42",0.3174626083,0.3369600823,0.3455773094,0.9750642565,183.8083223,149.4908371,0.3369600823,0.3455773094,0.6825373917,"Drought",0.32812134605,0.0201565808987055,"d",0.341634332275,0.0392813445135196,"bc",0.330244321725,0.028557553159289,"c",1.048147133675,0.217068683860654,"bc",190.09203015,5.40623692142581,"cd",156.7174788,5.30424148150616,"bc",0.341634332275,0.0392813445135196,"bc",0.330244321725,0.028557553159289,"c",0.67187865395,0.0201565808987055,"b"
"vulpina","Control","vulpina_V60-96","V60-96",0.3618184159,0.2427109973,0.3954705868,0.6137270518,130.7673395,104.2347884,0.2427109973,0.3954705868,0.6381815841,"Control",0.336402913425,0.0291792142571159,"d",0.230191300325,0.0167692468235281,"g",0.43340578625,0.0270202427910632,"a",0.533142278175,0.0582322967130339,"f",139.52083585,13.7482428770316,"f",112.02122995,12.6645664294163,"d",0.230191300325,0.0167692468235281,"g",0.43340578625,0.0270202427910632,"a",0.663597086575,0.0291792142571159,"b"
"vulpina","Control","vulpina_V60-96","V60-96",0.3560041997,0.2104134988,0.4335823016,0.4852907926,159.0989279,129.8371348,0.2104134988,0.4335823016,0.6439958003,"Control",0.336402913425,0.0291792142571159,"d",0.230191300325,0.0167692468235281,"g",0.43340578625,0.0270202427910632,"a",0.533142278175,0.0582322967130339,"f",139.52083585,13.7482428770316,"f",112.02122995,12.6645664294163,"d",0.230191300325,0.0167692468235281,"g",0.43340578625,0.0270202427910632,"a",0.663597086575,0.0291792142571159,"b"
"vulpina","Control","vulpina_V60-96","V60-96",0.3298767875,0.22221478,0.4479084324,0.4961165362,139.0345518,112.1467086,0.22221478,0.4479084324,0.6701232125,"Control",0.336402913425,0.0291792142571159,"d",0.230191300325,0.0167692468235281,"g",0.43340578625,0.0270202427910632,"a",0.533142278175,0.0582322967130339,"f",139.52083585,13.7482428770316,"f",112.02122995,12.6645664294163,"d",0.230191300325,0.0167692468235281,"g",0.43340578625,0.0270202427910632,"a",0.663597086575,0.0291792142571159,"b"
"vulpina","Control","vulpina_V60-96","V60-96",0.2979122506,0.2454259252,0.4566618242,0.5374347321,129.1825242,101.866288,0.2454259252,0.4566618242,0.7020877494,"Control",0.336402913425,0.0291792142571159,"d",0.230191300325,0.0167692468235281,"g",0.43340578625,0.0270202427910632,"a",0.533142278175,0.0582322967130339,"f",139.52083585,13.7482428770316,"f",112.02122995,12.6645664294163,"d",0.230191300325,0.0167692468235281,"g",0.43340578625,0.0270202427910632,"a",0.663597086575,0.0291792142571159,"b"
"vulpina","Drought","vulpina_V60-96","V60-96",0.2630929083,0.2104830554,0.5264240363,0.3998355714,143.6852234,118.6789236,0.2104830554,0.5264240363,0.7369070917,"Drought",0.285802513675,0.0185582962415334,"d",0.2114073831,0.0130254661374222,"g",0.502790103225,0.0198884778327289,"a",0.421287820275,0.0364622510511328,"f",160.963150325,13.824000353585,"f",134.62055305,12.8795538252991,"d",0.2114073831,0.0130254661374222,"g",0.502790103225,0.0198884778327289,"a",0.714197486325,0.0185582962415334,"b"
"vulpina","Drought","vulpina_V60-96","V60-96",0.2818296598,0.2289965025,0.4891738377,0.4681290879,157.0397634,131.6682201,0.2289965025,0.4891738377,0.7181703402,"Drought",0.285802513675,0.0185582962415334,"d",0.2114073831,0.0130254661374222,"g",0.502790103225,0.0198884778327289,"a",0.421287820275,0.0364622510511328,"f",160.963150325,13.824000353585,"f",134.62055305,12.8795538252991,"d",0.2114073831,0.0130254661374222,"g",0.502790103225,0.0198884778327289,"a",0.714197486325,0.0185582962415334,"b"
"vulpina","Drought","vulpina_V60-96","V60-96",0.2906072183,0.1976023663,0.5117904154,0.3861001699,175.7256205,149.373474,0.1976023663,0.5117904154,0.7093927817,"Drought",0.285802513675,0.0185582962415334,"d",0.2114073831,0.0130254661374222,"g",0.502790103225,0.0198884778327289,"a",0.421287820275,0.0364622510511328,"f",160.963150325,13.824000353585,"f",134.62055305,12.8795538252991,"d",0.2114073831,0.0130254661374222,"g",0.502790103225,0.0198884778327289,"a",0.714197486325,0.0185582962415334,"b"
"vulpina","Drought","vulpina_V60-96","V60-96",0.3076802683,0.2085476082,0.4837721235,0.4310864519,167.401994,138.7615945,0.2085476082,0.4837721235,0.6923197317,"Drought",0.285802513675,0.0185582962415334,"d",0.2114073831,0.0130254661374222,"g",0.502790103225,0.0198884778327289,"a",0.421287820275,0.0364622510511328,"f",160.963150325,13.824000353585,"f",134.62055305,12.8795538252991,"d",0.2114073831,0.0130254661374222,"g",0.502790103225,0.0198884778327289,"a",0.714197486325,0.0185582962415334,"b"
