"Species","species_geno","Genotype","Treatment","Porosity","SpongyV_TotalMesophyllV","PalisadeV_TotalMesophyllV","SpongyV_PalisadeV","Leaf_Width_um","Mesophyll_Width_um","mean_Porosity","sem_Porosity","mean_SpongyV_TotalMesophyllV","sem_SpongyV_TotalMesophyllV","mean_PalisadeV_TotalMesophyllV","sem_PalisadeV_TotalMesophyllV","mean_SpongyV_PalisadeV","sem_SpongyV_PalisadeV","mean_Leaf_Width_um","sem_Leaf_Width_um","mean_Mesophyll_Width_um","sem_Mesophyll_Width_um","p_value_Porosity","p_value_SpongyV_TotalMesophyllV","p_value_PalisadeV_TotalMesophyllV","p_value_SpongyV_PalisadeV","p_value_Leaf_Width_um","p_value_Mesophyll_Width_um"
"acerifolia","acerifolia_9018","9018","Control",0.4250145889,0.3426098198,0.2323755913,1.47437955,216.1642167,180.3670858,0.40789494985,0.0083629440942979,0.341993987525,0.00790300303972646,0.250111062625,0.00822259444041968,1.37314153425,0.0649490818159573,218.10019165,5.62833241529109,180.110592675,4.8980070478829,0.330910323573817,0.00230113723557816,0.0011997619716921,0.000833250098783576,0.345971549365094,0.475808744970261
"acerifolia","acerifolia_9018","9018","Control",0.3952153623,0.3333472407,0.271437397,1.228081482,203.6846528,166.7821774,0.40789494985,0.0083629440942979,0.341993987525,0.00790300303972646,0.250111062625,0.00822259444041968,1.37314153425,0.0649490818159573,218.10019165,5.62833241529109,180.110592675,4.8980070478829,0.330910323573817,0.00230113723557816,0.0011997619716921,0.000833250098783576,0.345971549365094,0.475808744970261
"acerifolia","acerifolia_9018","9018","Control",0.3919717311,0.3639272601,0.2441010088,1.490887981,230.4530138,190.1633463,0.40789494985,0.0083629440942979,0.341993987525,0.00790300303972646,0.250111062625,0.00822259444041968,1.37314153425,0.0649490818159573,218.10019165,5.62833241529109,180.110592675,4.8980070478829,0.330910323573817,0.00230113723557816,0.0011997619716921,0.000833250098783576,0.345971549365094,0.475808744970261
"acerifolia","acerifolia_9018","9018","Control",0.4193781171,0.3280916295,0.2525302534,1.299217124,222.0988833,183.1297612,0.40789494985,0.0083629440942979,0.341993987525,0.00790300303972646,0.250111062625,0.00822259444041968,1.37314153425,0.0649490818159573,218.10019165,5.62833241529109,180.110592675,4.8980070478829,0.330910323573817,0.00230113723557816,0.0011997619716921,0.000833250098783576,0.345971549365094,0.475808744970261
"acerifolia","acerifolia_9018","9018","Drought",0.4253914595,0.2665543987,0.3080541419,0.8652842551,218.005381,178.5568217,0.419986973175,0.00778767032496044,0.264858423975,0.0116212799487382,0.315154602875,0.00471745666501412,0.842384597575,0.0472458268783274,224.9891308,3.49591796096438,184.532448725,2.98295738764722,0.330910323573817,0.00230113723557816,0.0011997619716921,0.000833250098783576,0.345971549365094,0.475808744970261
"acerifolia","acerifolia_9018","9018","Drought",0.4394352255,0.2320988858,0.3284658887,0.706614884,220.2150177,181.1612315,0.419986973175,0.00778767032496044,0.264858423975,0.0116212799487382,0.315154602875,0.00471745666501412,0.842384597575,0.0472458268783274,224.9891308,3.49591796096438,184.532448725,2.98295738764722,0.330910323573817,0.00230113723557816,0.0011997619716921,0.000833250098783576,0.345971549365094,0.475808744970261
"acerifolia","acerifolia_9018","9018","Drought",0.4051625412,0.2859630691,0.3088743897,0.9258231779,229.140532,186.3755489,0.419986973175,0.00778767032496044,0.264858423975,0.0116212799487382,0.315154602875,0.00471745666501412,0.842384597575,0.0472458268783274,224.9891308,3.49591796096438,184.532448725,2.98295738764722,0.330910323573817,0.00230113723557816,0.0011997619716921,0.000833250098783576,0.345971549365094,0.475808744970261
"acerifolia","acerifolia_9018","9018","Drought",0.4099586665,0.2748173423,0.3152239912,0.8718160733,232.5955925,192.0361928,0.419986973175,0.00778767032496044,0.264858423975,0.0116212799487382,0.315154602875,0.00471745666501412,0.842384597575,0.0472458268783274,224.9891308,3.49591796096438,184.532448725,2.98295738764722,0.330910323573817,0.00230113723557816,0.0011997619716921,0.000833250098783576,0.345971549365094,0.475808744970261
"aestivalis","aestivalis_T52","T52","Control",0.2338088142,0.4169017211,0.3492894647,1.193570844,149.3627436,116.1222481,0.2313690321,0.00388404715269539,0.402020209375,0.0077358161063858,0.366610758525,0.0104883405244138,1.100994536775,0.0516702235365907,152.765527175,2.48492599156162,119.3964541,2.20970451735684,0.836957874826339,0.0075997909190419,0.0444505514616158,0.0258742097045651,0.789921143600078,0.774328597653606
"aestivalis","aestivalis_T52","T52","Control",0.2405167012,0.4114186186,0.3480646803,1.182017717,150.3570192,117.8451455,0.2313690321,0.00388404715269539,0.402020209375,0.0077358161063858,0.366610758525,0.0104883405244138,1.100994536775,0.0516702235365907,152.765527175,2.48492599156162,119.3964541,2.20970451735684,0.836957874826339,0.0075997909190419,0.0444505514616158,0.0258742097045651,0.789921143600078,0.774328597653606
"aestivalis","aestivalis_T52","T52","Control",0.2290583345,0.3823447515,0.388596914,0.9839109311,160.1339571,125.9216164,0.2313690321,0.00388404715269539,0.402020209375,0.0077358161063858,0.366610758525,0.0104883405244138,1.100994536775,0.0516702235365907,152.765527175,2.48492599156162,119.3964541,2.20970451735684,0.836957874826339,0.0075997909190419,0.0444505514616158,0.0258742097045651,0.789921143600078,0.774328597653606
"aestivalis","aestivalis_T52","T52","Control",0.2220922785,0.3974157463,0.3804919751,1.044478655,151.2083888,117.6968064,0.2313690321,0.00388404715269539,0.402020209375,0.0077358161063858,0.366610758525,0.0104883405244138,1.100994536775,0.0516702235365907,152.765527175,2.48492599156162,119.3964541,2.20970451735684,0.836957874826339,0.0075997909190419,0.0444505514616158,0.0258742097045651,0.789921143600078,0.774328597653606
"aestivalis","aestivalis_T52","T52","Drought",0.2411480958,0.355450208,0.4034016961,0.8811321604,154.4771896,122.1244575,0.234507822475,0.0136181909786051,0.3628366581,0.00521457145896868,0.4026555194,0.00956528223289837,0.901999879125,0.0159796542308057,154.85163945,6.85921361941883,121.40311195,6.12813733281563,0.836957874826339,0.0075997909190419,0.0444505514616158,0.0258742097045651,0.789921143600078,0.774328597653606
"aestivalis","aestivalis_T52","T52","Drought",0.2592503219,0.3529347581,0.38781492,0.910059773,164.2271307,131.0150103,0.234507822475,0.0136181909786051,0.3628366581,0.00521457145896868,0.4026555194,0.00956528223289837,0.901999879125,0.0159796542308057,154.85163945,6.85921361941883,121.40311195,6.12813733281563,0.836957874826339,0.0075997909190419,0.0444505514616158,0.0258742097045651,0.789921143600078,0.774328597653606
"aestivalis","aestivalis_T52","T52","Drought",0.1956136584,0.3749629498,0.4294233918,0.873177747,165.1165567,128.5724519,0.234507822475,0.0136181909786051,0.3628366581,0.00521457145896868,0.4026555194,0.00956528223289837,0.901999879125,0.0159796542308057,154.85163945,6.85921361941883,121.40311195,6.12813733281563,0.836957874826339,0.0075997909190419,0.0444505514616158,0.0258742097045651,0.789921143600078,0.774328597653606
"aestivalis","aestivalis_T52","T52","Drought",0.2420192138,0.3679987165,0.3899820697,0.9436298361,135.5856808,103.9005281,0.234507822475,0.0136181909786051,0.3628366581,0.00521457145896868,0.4026555194,0.00956528223289837,0.901999879125,0.0159796542308057,154.85163945,6.85921361941883,121.40311195,6.12813733281563,0.836957874826339,0.0075997909190419,0.0444505514616158,0.0258742097045651,0.789921143600078,0.774328597653606
"arizonica","arizonica_b40-14","b40-14","Control",0.2843022842,0.3305181223,0.3851795935,0.8580883512,160.6608916,129.7191319,0.299135165066667,0.00743471790860566,0.3397622516,0.00803402778774995,0.361102583333333,0.0134733757144169,0.945004918266667,0.0564059908834485,154.4511991,3.58771145682283,122.638422,3.86573831178367,0.364395258079273,0.246380091559459,0.926679270626362,0.522341232032531,0.0105948288370136,0.0307652950069526
"arizonica","arizonica_b40-14","b40-14","Control",0.3074540051,0.3330024727,0.3595435222,0.9261812606,148.2327039,116.4093018,0.299135165066667,0.00743471790860566,0.3397622516,0.00803402778774995,0.361102583333333,0.0134733757144169,0.945004918266667,0.0564059908834485,154.4511991,3.58771145682283,122.638422,3.86573831178367,0.364395258079273,0.246380091559459,0.926679270626362,0.522341232032531,0.0105948288370136,0.0307652950069526
"arizonica","arizonica_b40-14","b40-14","Control",0.3056492059,0.3557661598,0.3385846343,1.050745143,154.4600018,121.7868323,0.299135165066667,0.00743471790860566,0.3397622516,0.00803402778774995,0.361102583333333,0.0134733757144169,0.945004918266667,0.0564059908834485,154.4511991,3.58771145682283,122.638422,3.86573831178367,0.364395258079273,0.246380091559459,0.926679270626362,0.522341232032531,0.0105948288370136,0.0307652950069526
"arizonica","arizonica_b40-14","b40-14","Drought",0.2769806596,0.3409557295,0.3820636109,0.8924056616,128.8909643,102.4179029,0.3146320106,0.0134447362145308,0.322439677,0.0104639798384483,0.3629283124,0.0131405001037135,0.8930628392,0.0492904265704259,134.302490575,2.74418807813254,106.79169895,2.54894699371611,0.364395258079273,0.246380091559459,0.926679270626362,0.522341232032531,0.0105948288370136,0.0307652950069526
"arizonica","arizonica_b40-14","b40-14","Drought",0.3230147806,0.3331470015,0.3438382179,0.9689062594,141.4756546,112.8630956,0.3146320106,0.0134447362145308,0.322439677,0.0104639798384483,0.3629283124,0.0131405001037135,0.8930628392,0.0492904265704259,134.302490575,2.74418807813254,106.79169895,2.54894699371611,0.364395258079273,0.246380091559459,0.926679270626362,0.522341232032531,0.0105948288370136,0.0307652950069526
"arizonica","arizonica_b40-14","b40-14","Drought",0.340511549,0.3224813944,0.3370070566,0.9568980473,131.4121648,102.7387844,0.3146320106,0.0134447362145308,0.322439677,0.0104639798384483,0.3629283124,0.0131405001037135,0.8930628392,0.0492904265704259,134.302490575,2.74418807813254,106.79169895,2.54894699371611,0.364395258079273,0.246380091559459,0.926679270626362,0.522341232032531,0.0105948288370136,0.0307652950069526
"arizonica","arizonica_b40-14","b40-14","Drought",0.3180210532,0.2931745826,0.3888043642,0.7540413885,135.4311786,109.1470129,0.3146320106,0.0134447362145308,0.322439677,0.0104639798384483,0.3629283124,0.0131405001037135,0.8930628392,0.0492904265704259,134.302490575,2.74418807813254,106.79169895,2.54894699371611,0.364395258079273,0.246380091559459,0.926679270626362,0.522341232032531,0.0105948288370136,0.0307652950069526
"cinerea","cinerea_b42-34","b42-34","Control",0.3420925532,0.3966832447,0.261224202,1.518554719,164.0952572,134.3253574,0.37226682155,0.0158662499623638,0.359076179775,0.0146942223197406,0.268656998625,0.00674602423252388,1.33923814125,0.0662490754899344,175.3761956,9.12021586866619,143.345779825,9.20734345927068,0.00305148141948052,0.011708836128011,0.0125862607877304,0.295809098735278,0.655832557396883,0.57873269286662
"cinerea","cinerea_b42-34","b42-34","Control",0.3928110343,0.3494845166,0.2577044491,1.356144676,175.9980654,146.9568127,0.37226682155,0.0158662499623638,0.359076179775,0.0146942223197406,0.268656998625,0.00674602423252388,1.33923814125,0.0662490754899344,175.3761956,9.12021586866619,143.345779825,9.20734345927068,0.00305148141948052,0.011708836128011,0.0125862607877304,0.295809098735278,0.655832557396883,0.57873269286662
"cinerea","cinerea_b42-34","b42-34","Control",0.3484293231,0.3636738455,0.2878968313,1.263208921,200.876078,167.3608448,0.37226682155,0.0158662499623638,0.359076179775,0.0146942223197406,0.268656998625,0.00674602423252388,1.33923814125,0.0662490754899344,175.3761956,9.12021586866619,143.345779825,9.20734345927068,0.00305148141948052,0.011708836128011,0.0125862607877304,0.295809098735278,0.655832557396883,0.57873269286662
"cinerea","cinerea_b42-34","b42-34","Control",0.4057343756,0.3264631123,0.2678025121,1.219044249,160.5353818,124.7401044,0.37226682155,0.0158662499623638,0.359076179775,0.0146942223197406,0.268656998625,0.00674602423252388,1.33923814125,0.0662490754899344,175.3761956,9.12021586866619,143.345779825,9.20734345927068,0.00305148141948052,0.011708836128011,0.0125862607877304,0.295809098735278,0.655832557396883,0.57873269286662
"cinerea","cinerea_b42-34","b42-34","Drought",0.3099776957,0.4002913131,0.2897309912,1.381596465,167.0212604,137.6714961,0.26261222735,0.016516372849915,0.435156746775,0.0153680329107931,0.302231025875,0.00675988221973392,1.44197795525,0.0604077683890912,180.88777685,7.38240833216498,150.1926125,7.09840163359959,0.00305148141948052,0.011708836128011,0.0125862607877304,0.295809098735278,0.655832557396883,0.57873269286662
"cinerea","cinerea_b42-34","b42-34","Drought",0.2459387394,0.4530845268,0.3009767338,1.505380569,176.272645,144.9152443,0.26261222735,0.016516372849915,0.435156746775,0.0153680329107931,0.302231025875,0.00675988221973392,1.44197795525,0.0604077683890912,180.88777685,7.38240833216498,150.1926125,7.09840163359959,0.00305148141948052,0.011708836128011,0.0125862607877304,0.295809098735278,0.655832557396883,0.57873269286662
"cinerea","cinerea_b42-34","b42-34","Drought",0.2591194064,0.4196081694,0.3212724242,1.306082122,178.5175276,147.6545109,0.26261222735,0.016516372849915,0.435156746775,0.0153680329107931,0.302231025875,0.00675988221973392,1.44197795525,0.0604077683890912,180.88777685,7.38240833216498,150.1926125,7.09840163359959,0.00305148141948052,0.011708836128011,0.0125862607877304,0.295809098735278,0.655832557396883,0.57873269286662
"cinerea","cinerea_b42-34","b42-34","Drought",0.2354130679,0.4676429778,0.2969439543,1.574852665,201.7396744,170.5291987,0.26261222735,0.016516372849915,0.435156746775,0.0153680329107931,0.302231025875,0.00675988221973392,1.44197795525,0.0604077683890912,180.88777685,7.38240833216498,150.1926125,7.09840163359959,0.00305148141948052,0.011708836128011,0.0125862607877304,0.295809098735278,0.655832557396883,0.57873269286662
"mustangensis","mustangensis_T48","T48","Control",0.3311709738,0.3018875915,0.3669414347,0.8227132808,201.2299456,160.2011058,0.37923059,0.0165875329354966,0.2716553969,0.0132265313503786,0.3491140131,0.00979296335791431,0.780077287,0.0440023996358914,203.76658695,8.29711375892433,161.922278375,6.75879341655704,0.743646473974038,0.84698565040715,0.789631221967322,0.99722427294171,0.840128640518594,0.6845250724629
"mustangensis","mustangensis_T48","T48","Control",0.3980253609,0.2805892978,0.3213853413,0.8730619036,208.0140254,166.1128719,0.37923059,0.0165875329354966,0.2716553969,0.0132265313503786,0.3491140131,0.00979296335791431,0.780077287,0.0440023996358914,203.76658695,8.29711375892433,161.922278375,6.75879341655704,0.743646473974038,0.84698565040715,0.789631221967322,0.99722427294171,0.840128640518594,0.6845250724629
"mustangensis","mustangensis_T48","T48","Control",0.404123843,0.2390627011,0.3568134559,0.6699935137,182.9091077,144.4918442,0.37923059,0.0165875329354966,0.2716553969,0.0132265313503786,0.3491140131,0.00979296335791431,0.780077287,0.0440023996358914,203.76658695,8.29711375892433,161.922278375,6.75879341655704,0.743646473974038,0.84698565040715,0.789631221967322,0.99722427294171,0.840128640518594,0.6845250724629
"mustangensis","mustangensis_T48","T48","Control",0.3836021823,0.2650819972,0.3513158205,0.7545404499,222.9132691,176.8832916,0.37923059,0.0165875329354966,0.2716553969,0.0132265313503786,0.3491140131,0.00979296335791431,0.780077287,0.0440023996358914,203.76658695,8.29711375892433,161.922278375,6.75879341655704,0.743646473974038,0.84698565040715,0.789631221967322,0.99722427294171,0.840128640518594,0.6845250724629
"mustangensis","mustangensis_T48","T48","Drought",0.3796939187,0.2759856047,0.3443204766,0.8015370083,195.1364696,152.9458924,0.372099180975,0.0124607686075107,0.2747854518,0.00785768732409006,0.3531153672,0.0104756994126519,0.780275741775,0.0321945374784978,201.4381582,7.29105788394128,158.20965005,5.45082835003045,0.743646473974038,0.84698565040715,0.789631221967322,0.99722427294171,0.840128640518594,0.6845250724629
"mustangensis","mustangensis_T48","T48","Drought",0.3500937823,0.2664883277,0.38341789,0.6950336294,184.5696706,145.8020478,0.372099180975,0.0124607686075107,0.2747854518,0.00785768732409006,0.3531153672,0.0104756994126519,0.780275741775,0.0321945374784978,201.4381582,7.29105788394128,158.20965005,5.45082835003045,0.743646473974038,0.84698565040715,0.789631221967322,0.99722427294171,0.840128640518594,0.6845250724629
"mustangensis","mustangensis_T48","T48","Drought",0.3546316735,0.2962985257,0.3490698008,0.8488231437,208.267796,163.9839465,0.372099180975,0.0124607686075107,0.2747854518,0.00785768732409006,0.3531153672,0.0104756994126519,0.780275741775,0.0321945374784978,201.4381582,7.29105788394128,158.20965005,5.45082835003045,0.743646473974038,0.84698565040715,0.789631221967322,0.99722427294171,0.840128640518594,0.6845250724629
"mustangensis","mustangensis_T48","T48","Drought",0.4039773494,0.2603693491,0.3356533014,0.7757091857,217.7786966,170.1067135,0.372099180975,0.0124607686075107,0.2747854518,0.00785768732409006,0.3531153672,0.0104756994126519,0.780275741775,0.0321945374784978,201.4381582,7.29105788394128,158.20965005,5.45082835003045,0.743646473974038,0.84698565040715,0.789631221967322,0.99722427294171,0.840128640518594,0.6845250724629
"riparia","riparia_NY1","NY1","Control",0.3210319499,0.3261489463,0.3528191038,0.9244084088,173.8915076,149.1736891,0.3309445882,0.0033273600777306,0.30246399485,0.0121646829932544,0.366591416925,0.0102953982910223,0.829718971675,0.055711740339676,170.726908525,4.70209838819892,144.205630525,3.38618397470203,0.170334957386748,0.499020588159633,0.834217922441192,0.902011990509483,0.992247417098234,0.647503368932201
"riparia","riparia_NY1","NY1","Control",0.3344360528,0.3196390436,0.3459249035,0.9240128143,157.2920247,134.8489134,0.3309445882,0.0033273600777306,0.30246399485,0.0121646829932544,0.366591416925,0.0102953982910223,0.829718971675,0.055711740339676,170.726908525,4.70209838819892,144.205630525,3.38618397470203,0.170334957386748,0.499020588159633,0.834217922441192,0.902011990509483,0.992247417098234,0.647503368932201
"riparia","riparia_NY1","NY1","Control",0.335101072,0.2755138293,0.3893850987,0.7075613069,179.183691,149.2048644,0.3309445882,0.0033273600777306,0.30246399485,0.0121646829932544,0.366591416925,0.0102953982910223,0.829718971675,0.055711740339676,170.726908525,4.70209838819892,144.205630525,3.38618397470203,0.170334957386748,0.499020588159633,0.834217922441192,0.902011990509483,0.992247417098234,0.647503368932201
"riparia","riparia_NY1","NY1","Control",0.3332092781,0.2885541602,0.3782365617,0.7628933567,172.5404108,143.5950552,0.3309445882,0.0033273600777306,0.30246399485,0.0121646829932544,0.366591416925,0.0102953982910223,0.829718971675,0.055711740339676,170.726908525,4.70209838819892,144.205630525,3.38618397470203,0.170334957386748,0.499020588159633,0.834217922441192,0.902011990509483,0.992247417098234,0.647503368932201
"riparia","riparia_NY1","NY1","Drought",0.3807263936,0.2940785889,0.3251950175,0.904314559,162.819969,134.5236563,0.35237942135,0.011959787525443,0.2872032188,0.0172020293867141,0.36041735985,0.0256291529859552,0.815920627675,0.0908006869485054,170.81570895,7.32640770882363,140.8426634,6.00664864732535,0.170334957386748,0.499020588159633,0.834217922441192,0.902011990509483,0.992247417098234,0.647503368932201
"riparia","riparia_NY1","NY1","Drought",0.3406590811,0.3155263228,0.3438145961,0.9177223026,156.9330839,128.4512315,0.35237942135,0.011959787525443,0.2872032188,0.0172020293867141,0.36041735985,0.0256291529859552,0.815920627675,0.0908006869485054,170.81570895,7.32640770882363,140.8426634,6.00664864732535,0.170334957386748,0.499020588159633,0.834217922441192,0.902011990509483,0.992247417098234,0.647503368932201
"riparia","riparia_NY1","NY1","Drought",0.3619168554,0.3018683782,0.3362147664,0.8978439032,173.1489506,144.5216061,0.35237942135,0.011959787525443,0.2872032188,0.0172020293867141,0.36041735985,0.0256291529859552,0.815920627675,0.0908006869485054,170.81570895,7.32640770882363,140.8426634,6.00664864732535,0.170334957386748,0.499020588159633,0.834217922441192,0.902011990509483,0.992247417098234,0.647503368932201
"riparia","riparia_NY1","NY1","Drought",0.3262153553,0.2373395853,0.4364450594,0.5438017459,190.3608323,155.8741597,0.35237942135,0.011959787525443,0.2872032188,0.0172020293867141,0.36041735985,0.0256291529859552,0.815920627675,0.0908006869485054,170.81570895,7.32640770882363,140.8426634,6.00664864732535,0.170334957386748,0.499020588159633,0.834217922441192,0.902011990509483,0.992247417098234,0.647503368932201
"hybrid","hybrid_TXNM0821","TXNM0821","Control",0.4309892874,0.3104432053,0.2585675073,1.200627289,234.9127687,191.798988,0.4606828695,0.0102189473590434,0.279385453175,0.0106676961681819,0.259931677325,0.00357108515486954,1.07593102175,0.047282517649775,236.194770925,3.20309797847581,196.022422,3.40939939259249,0.787174190658514,0.0068914838480873,0.0625874531087052,0.00381508844191241,0.835782902269353,0.77399608434608
"hybrid","hybrid_TXNM0821","TXNM0821","Control",0.4747362681,0.2629252668,0.2623384651,1.002236812,243.2502496,204.4793434,0.4606828695,0.0102189473590434,0.279385453175,0.0106676961681819,0.259931677325,0.00357108515486954,1.07593102175,0.047282517649775,236.194770925,3.20309797847581,196.022422,3.40939939259249,0.787174190658514,0.0068914838480873,0.0625874531087052,0.00381508844191241,0.835782902269353,0.77399608434608
"hybrid","hybrid_TXNM0821","TXNM0821","Control",0.473582731,0.2755167383,0.2509005307,1.098111421,228.0626435,189.3686127,0.4606828695,0.0102189473590434,0.279385453175,0.0106676961681819,0.259931677325,0.00357108515486954,1.07593102175,0.047282517649775,236.194770925,3.20309797847581,196.022422,3.40939939259249,0.787174190658514,0.0068914838480873,0.0625874531087052,0.00381508844191241,0.835782902269353,0.77399608434608
"hybrid","hybrid_TXNM0821","TXNM0821","Control",0.4634231915,0.2686566023,0.2679202062,1.002748565,238.5534219,198.4427439,0.4606828695,0.0102189473590434,0.279385453175,0.0106676961681819,0.259931677325,0.00357108515486954,1.07593102175,0.047282517649775,236.194770925,3.20309797847581,196.022422,3.40939939259249,0.787174190658514,0.0068914838480873,0.0625874531087052,0.00381508844191241,0.835782902269353,0.77399608434608
"hybrid","hybrid_TXNM0821","TXNM0821","Drought",0.4753302689,0.2419014501,0.282768281,0.8554759016,259.3768231,215.6094139,0.4656954082,0.0144123567266244,0.22398179615,0.00664674181259921,0.3103227956,0.0177052982645465,0.730981370975,0.0570978108720651,237.97428925,7.39250337550622,198.171584925,6.18541463494811,0.787174190658514,0.0068914838480873,0.0625874531087052,0.00381508844191241,0.835782902269353,0.77399608434608
"hybrid","hybrid_TXNM0821","TXNM0821","Drought",0.4685918271,0.2105535844,0.3208545885,0.6562274375,227.6918134,190.5965665,0.4656954082,0.0144123567266244,0.22398179615,0.00664674181259921,0.3103227956,0.0177052982645465,0.730981370975,0.0570978108720651,237.97428925,7.39250337550622,198.171584925,6.18541463494811,0.787174190658514,0.0068914838480873,0.0625874531087052,0.00381508844191241,0.835782902269353,0.77399608434608
"hybrid","hybrid_TXNM0821","TXNM0821","Drought",0.4254234745,0.2186838033,0.3558927221,0.614465511,228.5307268,188.2896266,0.4656954082,0.0144123567266244,0.22398179615,0.00664674181259921,0.3103227956,0.0177052982645465,0.730981370975,0.0570978108720651,237.97428925,7.39250337550622,198.171584925,6.18541463494811,0.787174190658514,0.0068914838480873,0.0625874531087052,0.00381508844191241,0.835782902269353,0.77399608434608
"hybrid","hybrid_TXNM0821","TXNM0821","Drought",0.4934360623,0.2247883468,0.2817755908,0.7977566338,236.2977937,198.1907327,0.4656954082,0.0144123567266244,0.22398179615,0.00664674181259921,0.3103227956,0.0177052982645465,0.730981370975,0.0570978108720651,237.97428925,7.39250337550622,198.171584925,6.18541463494811,0.787174190658514,0.0068914838480873,0.0625874531087052,0.00381508844191241,0.835782902269353,0.77399608434608
"rupestris","rupestris_Vru42","Vru42","Control",0.3245197485,0.3777062333,0.2977740183,1.268432469,181.8525064,147.3004251,0.312299235475,0.0185152059236775,0.356810718525,0.00727561906287587,0.33089004605,0.0222412348054507,1.094258201975,0.0820194080206206,180.5505959,4.0547257862508,147.536153275,3.55217890127173,0.489245842120917,0.510713562996056,0.981433356223089,0.747026000068318,0.105075642133515,0.087532037848575
"rupestris","rupestris_Vru42","Vru42","Control",0.3274831817,0.3556714339,0.3168453845,1.122539419,190.5786262,157.144243,0.312299235475,0.0185152059236775,0.356810718525,0.00727561906287587,0.33089004605,0.0222412348054507,1.094258201975,0.0820194080206206,180.5505959,4.0547257862508,147.536153275,3.55217890127173,0.489245842120917,0.510713562996056,0.981433356223089,0.747026000068318,0.105075642133515,0.087532037848575
"rupestris","rupestris_Vru42","Vru42","Control",0.257619214,0.3458980091,0.3964827769,0.8724162289,170.9581917,140.1000486,0.312299235475,0.0185152059236775,0.356810718525,0.00727561906287587,0.33089004605,0.0222412348054507,1.094258201975,0.0820194080206206,180.5505959,4.0547257862508,147.536153275,3.55217890127173,0.489245842120917,0.510713562996056,0.981433356223089,0.747026000068318,0.105075642133515,0.087532037848575
"rupestris","rupestris_Vru42","Vru42","Control",0.3395747977,0.3479671978,0.3124580045,1.113644691,178.8130593,145.5998964,0.312299235475,0.0185152059236775,0.356810718525,0.00727561906287587,0.33089004605,0.0222412348054507,1.094258201975,0.0820194080206206,180.5505959,4.0547257862508,147.536153275,3.55217890127173,0.489245842120917,0.510713562996056,0.981433356223089,0.747026000068318,0.105075642133515,0.087532037848575
"rupestris","rupestris_Vru42","Vru42","Drought",0.3144491174,0.3461976115,0.3393532712,1.020168777,187.3891425,155.9906046,0.32812134605,0.0100782904493527,0.341634332275,0.0196406722567598,0.330244321725,0.0142787765796445,1.048147133675,0.108534341930327,190.09203015,2.70311846071291,156.7174788,2.65212074075308,0.489245842120917,0.510713562996056,0.981433356223089,0.747026000068318,0.105075642133515,0.087532037848575
"rupestris","rupestris_Vru42","Vru42","Drought",0.3579266531,0.2938024822,0.3482708647,0.8436033902,195.0913702,160.5869308,0.32812134605,0.0100782904493527,0.341634332275,0.0196406722567598,0.330244321725,0.0142787765796445,1.048147133675,0.108534341930327,190.09203015,2.70311846071291,156.7174788,2.65212074075308,0.489245842120917,0.510713562996056,0.981433356223089,0.747026000068318,0.105075642133515,0.087532037848575
"rupestris","rupestris_Vru42","Vru42","Drought",0.3226470054,0.3895771531,0.2877758416,1.353752111,194.0792856,160.8015427,0.32812134605,0.0100782904493527,0.341634332275,0.0196406722567598,0.330244321725,0.0142787765796445,1.048147133675,0.108534341930327,190.09203015,2.70311846071291,156.7174788,2.65212074075308,0.489245842120917,0.510713562996056,0.981433356223089,0.747026000068318,0.105075642133515,0.087532037848575
"rupestris","rupestris_Vru42","Vru42","Drought",0.3174626083,0.3369600823,0.3455773094,0.9750642565,183.8083223,149.4908371,0.32812134605,0.0100782904493527,0.341634332275,0.0196406722567598,0.330244321725,0.0142787765796445,1.048147133675,0.108534341930327,190.09203015,2.70311846071291,156.7174788,2.65212074075308,0.489245842120917,0.510713562996056,0.981433356223089,0.747026000068318,0.105075642133515,0.087532037848575
"vulpina","vulpina_V60-96","V60-96","Control",0.3618184159,0.2427109973,0.3954705868,0.6137270518,130.7673395,104.2347884,0.336402913425,0.014589607128558,0.230191300325,0.00838462341176406,0.43340578625,0.0135101213955316,0.533142278175,0.0291161483565169,139.52083585,6.87412143851578,112.02122995,6.33228321470815,0.0321044121759268,0.130274511947533,0.00732767020665774,0.0222918780214744,0.0701425684686983,0.0463967029167307
"vulpina","vulpina_V60-96","V60-96","Control",0.3560041997,0.2104134988,0.4335823016,0.4852907926,159.0989279,129.8371348,0.336402913425,0.014589607128558,0.230191300325,0.00838462341176406,0.43340578625,0.0135101213955316,0.533142278175,0.0291161483565169,139.52083585,6.87412143851578,112.02122995,6.33228321470815,0.0321044121759268,0.130274511947533,0.00732767020665774,0.0222918780214744,0.0701425684686983,0.0463967029167307
"vulpina","vulpina_V60-96","V60-96","Control",0.3298767875,0.22221478,0.4479084324,0.4961165362,139.0345518,112.1467086,0.336402913425,0.014589607128558,0.230191300325,0.00838462341176406,0.43340578625,0.0135101213955316,0.533142278175,0.0291161483565169,139.52083585,6.87412143851578,112.02122995,6.33228321470815,0.0321044121759268,0.130274511947533,0.00732767020665774,0.0222918780214744,0.0701425684686983,0.0463967029167307
"vulpina","vulpina_V60-96","V60-96","Control",0.2979122506,0.2454259252,0.4566618242,0.5374347321,129.1825242,101.866288,0.336402913425,0.014589607128558,0.230191300325,0.00838462341176406,0.43340578625,0.0135101213955316,0.533142278175,0.0291161483565169,139.52083585,6.87412143851578,112.02122995,6.33228321470815,0.0321044121759268,0.130274511947533,0.00732767020665774,0.0222918780214744,0.0701425684686983,0.0463967029167307
"vulpina","vulpina_V60-96","V60-96","Drought",0.2630929083,0.2104830554,0.5264240363,0.3998355714,143.6852234,118.6789236,0.285802513675,0.0092791481207667,0.2114073831,0.00651273306871109,0.502790103225,0.00994423891636446,0.421287820275,0.0182311255255664,160.963150325,6.91200017679249,134.62055305,6.43977691264955,0.0321044121759268,0.130274511947533,0.00732767020665774,0.0222918780214744,0.0701425684686983,0.0463967029167307
"vulpina","vulpina_V60-96","V60-96","Drought",0.2818296598,0.2289965025,0.4891738377,0.4681290879,157.0397634,131.6682201,0.285802513675,0.0092791481207667,0.2114073831,0.00651273306871109,0.502790103225,0.00994423891636446,0.421287820275,0.0182311255255664,160.963150325,6.91200017679249,134.62055305,6.43977691264955,0.0321044121759268,0.130274511947533,0.00732767020665774,0.0222918780214744,0.0701425684686983,0.0463967029167307
"vulpina","vulpina_V60-96","V60-96","Drought",0.2906072183,0.1976023663,0.5117904154,0.3861001699,175.7256205,149.373474,0.285802513675,0.0092791481207667,0.2114073831,0.00651273306871109,0.502790103225,0.00994423891636446,0.421287820275,0.0182311255255664,160.963150325,6.91200017679249,134.62055305,6.43977691264955,0.0321044121759268,0.130274511947533,0.00732767020665774,0.0222918780214744,0.0701425684686983,0.0463967029167307
"vulpina","vulpina_V60-96","V60-96","Drought",0.3076802683,0.2085476082,0.4837721235,0.4310864519,167.401994,138.7615945,0.285802513675,0.0092791481207667,0.2114073831,0.00651273306871109,0.502790103225,0.00994423891636446,0.421287820275,0.0182311255255664,160.963150325,6.91200017679249,134.62055305,6.43977691264955,0.0321044121759268,0.130274511947533,0.00732767020665774,0.0222918780214744,0.0701425684686983,0.0463967029167307
