ID,trt,ID Order,genotype,species,block,year,harvest_date,pd_mpa,pd_pot,md_mpa,md_pot,figure,pd_pot_als,sm_wet_top,sm_wet_bot,sm_dry_top,sm_dry_bot,GWC_top,GWC_bottom,stem_diam,canopy_biomass,dry_root_bag,bag_tare,root_biomass,root_g,exud_time,exud,exud_flow,exud_gg,exud_ro,exud_s,exp,parameter,epson_file,mask_imagej,brown_imagej,perc_white
1149.10,Control,211,1149,treleasei,1,2020,12/11/2020,,6.8,,10.5,,9.6,,,,,0.250,0.372,7.68,75.20,21.02950,,,,117,0.16415,0.001402991453,,,,,,,,,
1149.1,Drought,202,1149,treleasei,4,2020,12/17/2020,,6.5,,11.6,,13.5,9.7568,9.9948,,,0.080,0.105,8.40,20.30,20.6685,,,,,,,,,,,,,,,
1149.2,Drought,203,1149,treleasei,3,2020,12/16/2020,,6.5,,5.6,,11.8,9.5073,9.9877,,,0.156,0.079,5.50,28.70,20.54550,,,,,,,,,,,,,,,
1149.3,Drought,204,1149,treleasei,2,2020,12/15/2020,,6.4,,9,,14.2,11.2896,10.0787,,,0.149,0.099,6.13,30.60,20.24110,,,,,,,,,,,,,,,
1149.4,Drought,205,1149,treleasei,5,2020,12/18/2020,,14.2,,17,,,,,,,0.089,0.059,5.40,10.50,17.48920,,,,,,,,,,,,,,,
1149.5,Drought,206,1149,treleasei,1,2020,12/11/2020,,7.9,,14.3,,13.5,,,,,0.105,0.098,5.18,23.00,23.47700,,,,147,0.02389,0.0001625170068,,,,,,,,,
1149.6,Control,207,1149,treleasei,4,2020,12/17/2020,,4.5,0.8,8,,4.48,10.0643,10.3132,,,,,7.26,77.90,29.05470,,,,,,,,,,,,,,,
1149.7,Control,208,1149,treleasei,3,2020,12/16/2020,,7.5,,10.1,,10.9,,,,,0.316,0.353,7.80,105.90,34.0323,,,,62,0.22743,0.003668225806,,,,,,,,,
1149.8,Control,209,1149,treleasei,2,2020,12/15/2020,,6.9,,11.8,,9.4,,9.5406,,,0.318,0.507,8.16,97.30,38.74030,,,,,,,,,,,,,,,
1149.9,Control,210,1149,treleasei,5,2020,12/18/2020,,3.7,0.463,4.63,,,,,,,0.307,0.216,7.09,78.50,35.86090,,,,,,,,,,,,,,,
2970.1,Drought,262,2970,popenoi,1,2020,12/11/2020,,7.1,,11.8,,,,,,,0.421,0.524,3.64,6.9,8.79640,,,,,,,,,,,,,,,
2970.10,Control,271,2970,popenoi,5,2020,12/18/2020,,5.4,,9.5,,,,,,,0.214,0.222,4.20,6.4,xx,12.7141,,,,,,,,,,,,,,
2970.3,Control,264,2970,popenoi,3,2020,12/16/2020,,10,,13.3,,,,,,,0.461,0.599,4.41,15.1,9.99320,,,,97,0.09438,0.0009729896907,,,,,,,,,
2970.4,Drought,265,2970,popenoi,5,2020,12/18/2020,,4.6,0.9,9,,,,,,,0.063,0.110,4.03,3.9,8.32480,,,,,,,,,,,,,,,
2970.6,Drought,267,2970,popenoi,4,2020,12/17/2020,,8.5,,7.7,,,9.2102,10.1137,,,,,5.17,13.5,11.53910,,,,,,,,,,,,,,,
2970.9,Control,270,2970,popenoi,1,2020,12/11/2020,,5.4,,10,,,,,,,0.490,0.296,4.41,30.3,10.47340,,,,,,,,,,,,,,,
9018.1,Drought,1,9018,acerifolia,4,2020,12/17/2020,,7,,9.1,,9,10.6078,8.8084,,,0.377,0.517,5.33,13,28.58450,7.1611,21.4234,,,,,,,,,,9018-1_D_B4_R3_20201230_15581636.tif,1.655,1.269,0.2332326284
9018.1,Drought,1,9018,acerifolia,4,2020,12/17/2020,,7,,9.1,,9,10.6078,8.8084,,,0.377,0.517,5.33,13,28.58450,7.1611,21.4234,21.4234,,,,,,,,,9018-1_D_B4_R1_20201230_15464927.tif,0.598,0.437,0.2692307692
9018.1,Drought,1,9018,acerifolia,4,2020,12/17/2020,,7,,9.1,,9,10.6078,8.8084,,,0.377,0.517,5.33,13,28.58450,7.1611,21.4234,,,,,,,,,,9018-1_D_B4_R2_20201230_15500021.tif,0.612,0.446,0.2712418301
9018.10,Control,10,9018,acerifolia,3,2020,12/16/2020,,6,,7,,9,11.7059,11.2437,,,0.377,0.517,7.92,69.5,26.70770,7.1611,19.5466,,,,,,,,,,9018-10_C_B3_R2_20201219_17402443.tif,2.642,2.02,0.2354277063
9018.10,Control,10,9018,acerifolia,3,2020,12/16/2020,,6,,7,,9,11.7059,11.2437,,,,,7.92,69.5,26.70770,7.1611,19.5466,19.5466,,,,,,,,,9018-10_C_B3_R1_20201219_17331013.tif,0.934,0.665,0.2880085653
9018.10,Control,10,9018,acerifolia,3,2020,12/16/2020,,6,,7,,9,11.7059,11.2437,,,,,7.92,69.5,26.70770,7.1611,19.5466,,,,,,,,,,9018-10_C_B3_R3_20201219_17490206.tif,0.435,0.303,0.3034482759
9018.10,Control,10,9018,acerifolia,3,2020,12/16/2020,,6,,7,,9,11.7059,11.2437,,,,,7.92,69.5,26.70770,7.1611,19.5466,,,,,,,,,,9018-10_C_B3_R3_20201219_17490206.tif,1.599,1.081,0.3239524703
9018.2,Drought,2,9018,acerifolia,5,2020,12/18/2020,,6.9,,11.9,,,,,,,,,5.49,5.3,22.10360,12.7141,9.3895,9.3895,,,,,,,,,,,,
9018.3,Drought,3,9018,acerifolia,2,2020,12/15/2020,,5.4,,11.2,"9018-3_D_02_5X_BF, 9018-3_D_ALS",9.5,10.1595,,,,0.250,0.162,5.92,26.1,22.04441,7.1611,14.8834,,,,,,,,,,9018-3_D_3_R3_20201222_14042310.tif,2.329,1.777,0.237011593
9018.3,Drought,3,9018,acerifolia,2,2020,12/15/2020,,5.4,,11.2,"9018-3_D_02_5X_BF, 9018-3_D_ALS",9.5,10.1595,,,,0.250,0.162,5.92,26.1,22.04441,7.1611,14.8834,,,,,,,,,,9018-3_D_3_R2_20201222_14002750.tif,1.836,1.376,0.2505446623
9018.3,Drought,3,9018,acerifolia,2,2020,12/15/2020,,5.4,,11.2,"9018-3_D_02_5X_BF, 9018-3_D_ALS",9.5,10.1595,,,,0.250,0.162,5.92,26.1,22.04441,7.1611,14.8834,,,,,,,,,,9018-3_D_3_R1_20201222_13560677.tif,0.484,0.32,0.3388429752
9018.4,Drought,4,9018,acerifolia,3,2020,12/16/2020,,8,,16.8,,9,11.1092,10.8218,,,0.144,0.139,7.26,26.3,27.52470,7.1611,20.3636,,101,0.02894,0.0002865346535,0.001421160344,,,,,9018-4_D_B3_R1_20201219_18483233.tif,1.909,1.604,0.1597695128
9018.4,Drought,4,9018,acerifolia,3,2020,12/16/2020,,8,,16.8,,9,11.1092,10.8218,,,0.144,0.139,7.26,26.3,27.52470,7.1611,20.3636,20.3636,101,0.02894,0.0002865346535,0.001421160344,,,,,9018-4_D_B3_R1_20201219_18483233.tif,1.024,0.704,0.3125
9018.4,Drought,4,9018,acerifolia,3,2020,12/16/2020,,8,,16.8,,9,11.1092,10.8218,,,0.144,0.139,7.26,26.3,27.52470,7.1611,20.3636,,101,0.02894,0.0002865346535,0.001421160344,,,,,9018-4_D_B3_R2_20201219_18525586.tif,0.738,0.485,0.3428184282
9018.4,Drought,4,9018,acerifolia,3,2020,12/16/2020,,8,,16.8,,9,11.1092,10.8218,,,0.144,0.139,7.26,26.3,27.52470,7.1611,20.3636,,101,0.02894,0.0002865346535,0.001421160344,,,,,9018-4_D_B3_R2_20201219_18525586.tif,0.225,0.107,0.5244444444
9018.5,Drought,5,9018,acerifolia,1,2020,12/11/2020,,8.1,,11,,9.9,,,,,0.193,0.253,,10.7,17.99160,7.1611,10.8305,,,,,,,,,,9018-5_D_R2_20201214_13545651.tif,0.319,0.281,0.1191222571
9018.5,Drought,5,9018,acerifolia,1,2020,12/11/2020,,8.1,,11,,9.9,,,,,0.193,0.253,,10.7,17.99160,7.1611,10.8305,,,,,,,,,,9018-5_D_R3_20201214_13565504.tif,1.83,1.567,0.143715847
9018.5,Drought,5,9018,acerifolia,1,2020,12/11/2020,,8.1,,11,,9.9,,,,,0.193,0.253,,10.7,17.99160,7.1611,10.8305,10.8305,,,,,,,,,9018-5_D_R1_20201214_13503677.tif,2.923,2.231,0.2367430722
9018.5,Drought,5,9018,acerifolia,1,2020,12/11/2020,,8.1,,11,,9.9,,,,,0.193,0.253,,10.7,17.99160,7.1611,10.8305,,,,,,,,,,9018-5_D_R2_20201214_13545651.tif,0.375,0.243,0.352
9018.6,Control,6,9018,acerifolia,1,2020,12/11/2020,,6.7,,9.4,9018-6_C_ALS,12.5,,,,,0.494,0.545,6.46,26.6,15.94340,7.1611,8.7823,,,,,,,,,,,,,
9018.6,Control,6,9018,acerifolia,1,2020,12/11/2020,,6.7,,9.4,9018-6_C_ALS,12.5,,,,,0.494,0.545,6.46,26.6,15.94340,7.1611,8.7823,8.7823,,,,,,,,,9018-6_C_20201212_15350320.tif,0.952,0.828,0.1302521008
9018.6,Control,6,9018,acerifolia,1,2020,12/11/2020,,6.7,,9.4,9018-6_C_ALS,12.5,,,,,0.494,0.545,6.46,26.6,15.94340,7.1611,8.7823,8.7823,,,,,,,,,9018-6_C_20201212_15350320.tif,0.495,0.335,0.3232323232
9018.6,Control,6,9018,acerifolia,1,2020,12/11/2020,,6.7,,9.4,9018-6_C_ALS,12.5,,,,,0.494,0.545,6.46,26.6,15.94340,7.1611,8.7823,8.7823,,,,,,,,,9018-6_C_20201212_15350320.tif,0.678,0.358,0.4719764012
9018.6,Control,6,9018,acerifolia,1,2020,12/11/2020,,6.7,,9.4,9018-6_C_ALS,12.5,,,,,0.494,0.545,6.46,26.6,15.94340,7.1611,8.7823,8.7823,,,,,,,,,9018-6_C_20201212_15350320.tif,0.386,0.092,0.7616580311
9018.6,Control,6,9018,acerifolia,1,2020,12/11/2020,,6.7,,9.4,9018-6_C_ALS,12.5,,,,,0.494,0.545,6.46,26.6,15.94340,7.1611,8.7823,8.7823,,,,,,,,,9018-6_C_20201212_15350320_mask_R1.tif,0.321,0.065,0.7975077882
9018.6,Control,6,9018,acerifolia,1,2020,12/11/2020,,6.7,,9.4,9018-6_C_ALS,12.5,,,,,0.494,0.545,6.46,26.6,15.94340,7.1611,8.7823,8.7823,,,,,,,,,9018-6_C_20201212_15350320.tif,0.283,0.042,0.851590106
9018.7,Control,7,9018,acerifolia,5,2020,12/18/2020,,9,,12.9,,,,,,,0.271,0.378,6.53,64.9,xx,12.7141,,,,,,,,,,,,,,
9018.8,Control,8,9018,acerifolia,2,2020,12/15/2020,,6.4,,11.1,9018-8_C_01_10X,7.8,9.0245,11.1640,,,0.321,0.515,7.51,70.5,24.08276,7.1611,16.9217,16.9217,,,,,,,,,,,,
9018.9,Control,9,9018,acerifolia,4,2020,12/17/2020,,9,,14.2,,8.67,10.8695,10.5785,,,0.372,0.383,6.84,76.1,32.74190,7.1611,25.5808,25.5808,,,,,,,,,9018-9_C_B4_R1_20201223_14191990.tif,2.519,1.981,0.2135768162
9018.9,Control,9,9018,acerifolia,4,2020,12/17/2020,,9,,14.2,,8.67,10.8695,10.5785,,,0.372,0.383,6.84,76.1,32.74190,7.1611,25.5808,,,,,,,,,,9018-9_C_B4_R3_20201223_14292512.tif,1.984,1.465,0.2615927419
9018.9,Control,9,9018,acerifolia,4,2020,12/17/2020,,9,,14.2,,8.67,10.8695,10.5785,,,0.372,0.383,6.84,76.1,32.74190,7.1611,25.5808,,,,,,,,,,9018-9_C_B4_R2_20201223_14245166.tif,0.712,0.521,0.268258427
9025.10,Control,80,9025,cinerea,2,2020,12/15/2020,,6.2,,13.9,,,,,,,0.520,0.644,5.88,40.50,17.36410,,,,,,,,,,,,,,,
9025.1,Drought,71,9025,cinerea,4,2020,12/17/2020,,11,,14?,,,10.3724,10.3596,,,0.177,0.144,4.79,6.90,20.97160,,,,,,,,,,,,,,,
9025.2,Drought,72,9025,cinerea,5,2020,12/18/2020,,7,,10.5,,,,,,,0.074,0.057,7.75,8.30,17.93440,,,,,,,,,,,,,,,
9025.3,Drought,73,9025,cinerea,1,2020,12/11/2020,,5.6,,13.6,,,,,,,0.245,0.259,4.08,6.00,15.28230,,,,170,0.01291,0.00007594117647,,,,,,,,,
9025.4,Drought,74,9025,cinerea,3,2020,12/16/2020,,,,,,,10.4379,10.5242,,,0.163,0.546,3.875,6.50,18.31350,,,,69,0.14109,0.002044782609,,,,,,,,,
9025.5,Drought,75,9025,cinerea,2,2020,12/15/2020,,4.7,1.45,14.5,,,,10.2853,,,0.253,0.272,3.81,8.80,19.42740,,,,,,,,,,,,,,,
9025.6,Control,76,9025,cinerea,,2020,12/18/2020,,,,,,,,,,,0.455,0.612,3.71,4.10,11.74220,,,,,,,,,,,,,,,
9025.7,Control,77,9025,cinerea,4,2020,12/17/2020,,6.5,,13.4,,,9.4104,10.8800,,,0.412,0.484,5.59,40.20,18.43840,,,,,,,,,,,,,,,
9025.8,Control,78,9025,cinerea,1,2020,12/11/2020,,4.8,1.929,19.29,,,,,,,0.503,0.657,4.74,22.50,18.61240,,,,57,0.081,0.001421052632,,,,,,,,,
9025.9,Control,79,9025,cinerea,3,2020,12/16/2020,,,,,,,12.1639,11.9176,,,0.483,0.697,6.42,28.90,12.60370,,,,87,1.22953,0.01413252874,,,,,,,,,
9031.1,Drought,181,9031,berlandieri,4,2020,12/17/2020,,8.7,,13.6,,,7.8644,10.0879,,,0.535,0.657,,6.00,31.22045,12.7141,18.5064,18.5064,,,,,,,,,,,,
9031.10,Control,190,9031,berlandieri,1,2020,12/11/2020,,6,,9.8,,,,,,,0.105,0.136,,29.90,19.15700,7.1611,11.9959,11.9959,,,,,,,,,,,,
9031.11,Control,191,9031,berlandieri,1,2020,12/11/2020,,7.3,,11.2,,,,,,,0.561,,,29.00,20.12400,7.1611,12.9629,12.9629,,,,,,,,,,,,
9031.2,Drought,182,9031,berlandieri,3,2020,12/16/2020,,6.5,,13.3,,,,,,,0.055,0.060,3.89,18.20,31.12160,7.1611,23.9605,23.9605,,,,,,,,,,,,
9031.3,Drought,183,9031,berlandieri,5,2020,12/18/2020,,7.7,,11.4,,,,,,,0.272,0.238,4.15,6.00,xx,12.7141,,,,,,,,,,,,,,
9031.4,Drought,184,9031,berlandieri,2,2020,12/15/2020,,5.3,,9,,,10.8202,10.4132,,,0.183,0.235,,11.40,x,12.7141,,,,,,,,,,,,,,
9031.5,Drought,185,9031,berlandieri,1,2020,12/11/2020,,9.9,,13.4,,,,,,,0.523,0.589,3.94,12.90,19.68150,,,,,,,,,,,,,,,
9031.6,Control,186,9031,berlandieri,4,2020,12/17/2020,,10,,20.5,,,12.8738,12.7900,,,0.373,0.490,,20.30,x,12.7141,,,,,,,,,,,,,,
9031.7,Control,187,9031,berlandieri,2,2020,12/15/2020,,7.4,,10.7,,,11.9395,12.5818,,,0.506,-0.051,,33.90,28.05461,12.7141,15.3405,15.3405,,,,,,,,,,,,
9031.8,Control,188,9031,berlandieri,5,2020,12/18/2020,,7.4,,9.8,,,,,,,,,5.41,33.80,35.00424,12.7141,22.2902,22.2902,,,,,,,,,,,,
9031.9,Control,189,9031,berlandieri,3,2020,12/16/2020,,8.1,,11.6,,,,,,,,,,33.50,xx,12.7141,,,120,0.067,0.0005583333333,,,,,,,,,
9035.1,Drought,21,9035,berlandieri,3,2020,12/16/2020,,9.5,,11.7,,,,,,,,,5.91,15.90,24.22570,,,,,,,,,,,,,,,
9035.2,Drought,22,9035,berlandieri,2,2020,12/15/2020,,6.3,,10.6,,,,,,,0.307,0.123,6.11,8.50,22.91640,,,,,,,,,,,,,,,
9035.3,Drought,23,9035,berlandieri,4,2020,12/17/2020,,6.8,,20.2,,,,,,,0.237,0.153,6.37,11.00,23.81030,,,,,,,,,,,,,,,
9035.4,Drought,24,9035,berlandieri,5,2020,12/18/2020,,5,,12.5,,,,,,,0.093,0.067,6.53,10.40,20.92030,,,,,,,,,,,,,,,
9035.6,Control,26,9035,berlandieri,5,2020,12/18/2020,,13.1,,16.1,,,,,,,0.397,0.495,5.5,32.80,18.65210,,,,,,,,,,,,,,,
9035.7,Control,27,9035,berlandieri,2,2020,12/15/2020,,8.3,,12.9,,,11.8048,12.7091,,,0.500,0.615,5.56,36.60,15.53160,,,,78,0.16704,0.002141538462,,,,,,,,,
9035.8,Control,28,9035,berlandieri,3,2020,12/16/2020,,8,,6.7,,,11.2744,10.6966,,,0.415,0.462,6.51,40.40,20.30490,,,,,,,,,,,,,,,
9035.9,Control,29,9035,berlandieri,4,2020,12/17/2020,,6,,11.9,,,10.8161,12.8116,,,,,6.73,47.40,25.97420,,,,129,0.58923,0.004567674419,,,,,,,,,
2214.4.1,Drought,51,2214.4,bloodworthiana,3,2020,12/16/2020,,8,,10.8,,,,,,,0.115,0.183,4.17,14.90,15.96240,,,,,,,,,,,,,,,
2214.4.10,Control,60,2214.4,bloodworthiana,5,2020,12/18/2020,,6.3,,12.1,,,,,,,0.293,0.118,5.47,48.20,11.71420,,,,,,,,,,,,,,,
2214.4.2,Drought,52,2214.4,bloodworthiana,4,2020,12/17/2020,,8.3,,11.6,,,11.0017,10.9416,,,,,3.94,9.90,25.89470,,,,,,,,,,,,,,,
2214.4.3,Drought,53,2214.4,bloodworthiana,1,2020,12/11/2020,,5.2,,13.5,,,,,,,0.155,0.277,4.36,10.30,10.15200,,,,,,,,,,,,,,,
2214.4.4,Drought,54,2214.4,bloodworthiana,2,2020,12/15/2020,,8.1,,7.5,,,10.7677,10.2284,,,0.244,0.218,3.55,7.10,8.89850,,,,,,,,,,,,,,,
2214.4.5,Drought,55,2214.4,bloodworthiana,5,2020,12/18/2020,,6.2,,13,,,,,,,0.067,0.498,4.08,5.80,8.86040,,,,67,0.88269,0.01317447761,,,,,,,,,
2214.4.6,Control,56,2214.4,bloodworthiana,3,2020,12/16/2020,,7.5,,10.3,,,,,,,0.395,0.587,5.12,53.40,14.25930,,,,,,,,,,,,,,,
2214.4.7,Control,57,2214.4,bloodworthiana,4,2020,12/18/2020,,13,,,,,9.6463,11.8329,,,0.310,0.435,5.35,65.00,11.57660,,,,145,0.04761,0.0003283448276,,,,,,,,,
2214.4.8,Control,58,2214.4,bloodworthiana,1,2020,12/11/2020,,5.7,,10.9,,,,,,,0.430,0.597,4.75,35.10,10.68450,,,,,,,,,,,,,,,
2214.4.9,Control,59,2214.4,bloodworthiana,2,2020,12/15/2020,,6.8,,9.4,,,10.6944,11.8119,,,0.521,0.540,5.39,50.60,10.53350,,,,146,0.26916,0.001843561644,,,,,,,,,
255189.01.1,Drought,272,255189.01,riparia,1,2020,12/11/2020,,6.7,,15.2,,,,,,,0.152,0.126,6.86,12.30,40.68660,,,,,,,,,,,,,,,
255189.01.10,Control,281,255189.01,riparia,5,2020,12/18/2020,,8.5,,12.5,,,,,,,,,9.17,70.10,22.07850,,,,,,,,,,,,,,,
255189.01.2,Drought,273,255189.01,riparia,2,2020,12/15/2020,,6.4,,9.6,,,10.7353,,,,0.116,0.172,7.60,18.30,25.81820,,,,,,,,,,,,,,,
255189.01.3,Drought,274,255189.01,riparia,5,2020,12/18/2020,,16.1,,24.9,,,,,,,0.060,0.054,5.39,7.10,18.91950,,,,,,,,,,,,,,,
255189.01.4,Drought,275,255189.01,riparia,4,2020,12/17/2020,,7.1,,11.5,,,9.7786,10.0372,,,,,5.11,10.00,23.72620,,,,,,,,,,,,,,,
255189.01.5,Drought,276,255189.01,riparia,3,2020,12/16/2020,,9.5,,14.8,,,10.1500,9.9161,,,0.128,0.094,6.015,20.70,21.81680,,,,,,,,,,,,,,,
255189.01.6,Control,277,255189.01,riparia,4,2020,12/17/2020,,7,,10.2,,,13.0763,,,,,,7.685,110.80,31.60000,,,,,,,,,,,,,,,
255189.01.7,Control,278,255189.01,riparia,1,2020,12/11/2020,,5.8,,14,,,,,,,,,7.34,82.10,35.51310,,,,,,,,,,,,,,,
255189.01.8,Control,279,255189.01,riparia,3,2020,12/16/2020,,,,11.3,,,11.8368,12.5993,,,0.402,0.502,8.58,60.50,27.05470,,,,,,,,,,,,,,,
255189.01.9,Control,280,255189.01,riparia,2,2020,12/15/2020,,7.4,,10.9,,,10.9301,,,,0.244,0.455,8.28,87.10,37.63490,,,,91,0.79793,0.008768461538,,,,,,,,,
588155.01.1,Drought,111,588155.01,palmata,2,2020,12/15/2020,,7,,14.5,,,8.5405,10.0003,,,0.076,0.549,3.82,18.90,32.89140,,,,,,,,,,,,,,,
588155.01.10,Control,120,588155.01,palmata,2,2020,12/15/2020,,6.4,,13.4,,,11.5176,13.0228,,,,,5.16,33.50,20.59900,,,,,,,,,,,,,,,
588155.01.2,Drought,112,588155.01,palmata,3,2020,12/16/2020,,8,,11.2,,,,,,,,,4.30,8.70,26.17690,,,,,,,,,,,,,,,
588155.01.3,Drought,113,588155.01,palmata,5,2020,12/18/2020,,6.5,,11.1,,,,,,,0.056,0.057,4.14,7.90,13.78240,,,,,,,,,,,,,,,
588155.01.4,Drought,114,588155.01,palmata,1,2020,12/11/2020,,7.5,,15.5,,,,,,,0.135,0.080,4.13,9.20,19.24150,,,,,,,,,,,,,,,
588155.01.5,Drought,115,588155.01,palmata,4,2020,12/17/2020,,5,,8.8,,,10.0477,11.0878,,,0.163,0.096,5.40,14.30,26.89450,,,,,,,,,,,,,,,
588155.01.6,Control,116,588155.01,palmata,4,2020,12/17/2020,,8,,9.3,,,10.9847,11.1857,,,0.414,0.488,4.90,40.90,23.87760,,,,,,,,,,,,,,,
588155.01.7,Control,117,588155.01,palmata,5,2020,12/18/2020,,8.9,,12.9,,,,,,,0.323,0.478,5.68,43.10,33.08680,,,,,,,,,,,,,,,
588155.01.8,Control,118,588155.01,palmata,1,2020,12/11/2020,,4.7,,14,,,,,,,,0.452,5.69,36.70,27.12750,,,,,,,,,,,,,,,
588155.01.9,Control,119,588155.01,palmata,3,2020,12/16/2020,,6.5,,8.6,,,11.3911,12.0396,,,0.414,0.677,5.40,41.10,34.74560,,,,,,,,,,,,,,,
ANU65.1,Drought,81,ANU65,arizonica,3,2020,12/16/2020,,,,,,,9.3023,9.5316,,,0.050,0.068,6.02,23.80,22.63220,,,,188,0.03188,0.0001695744681,,,,,,,,,
ANU65.10,Control,90,ANU65,arizonica,3,2020,12/16/2020,,6,,11.2,,,10.4881,10.3145,,,,,9.59,74.30,23.79500,,,,60,0.79621,0.01327016667,,,,,,,,,
ANU65.2,Drought,82,ANU65,arizonica,1,2020,12/11/2020,,5.1,,13,,,,,,,0.115,0.166,7.25,20.50,13.81680,,,,,,,,,,,,,,,
ANU65.3,Drought,83,ANU65,arizonica,2,2020,12/15/2020,,6.2,,10,,,10.7281,10.7013,,,0.152,0.128,5.45,26.10,16.75450,,,,,,,,,,,,,,,
ANU65.4,Drought,84,ANU65,arizonica,4,2020,12/17/2020,,7,,10.9,,,10.8737,9.3740,,,,,5.97,16.30,22.08080,,,,,,,,,,,,,,,
ANU65.5,Drought,85,ANU65,arizonica,5,2020,12/18/2020,,15.1,,16,,,,,,,,,5.17,4.20,14.82440,,,,,,,,,,,,,,,
ANU65.6,Control,86,ANU65,arizonica,4,2020,12/17/2020,,14,,12,,,9.4712,10.6366,,,,,7.54,88.10,21.14910,,,,,,,,,,,,,,,
ANU65.7,Control,87,ANU65,arizonica,5,2020,12/18/2020,,18.1,,17.7,,,,,,,,,7.40,87.10,19.23150,,,,,,,,,,,,,,,
ANU65.8,Control,88,ANU65,arizonica,1,2020,12/11/2020,,5.8,,8.5,,,,,,,0.410,0.511,7.30,54.50,14.56530,,,,88,0.23929,0.002719204545,,,,,,,,,
ANU65.9,Control,89,ANU65,arizonica,2,2020,12/15/2020,,8.5,,12.4,,,10.4212,11.4873,,,0.320,0.465,7.13,92.80,25.05830,,,,,,,,,,,,,,,
b40-14.1,Drought,101,b40-14,arizonica,1,2020,12/11/2020,,26,,15.7,,17.43,,,,,0.138,0.118,,24.9,17.66940,7.1611,10.5083,10.5083,,,,,,,,,,,,
b40-14.10,Control,110,b40-14,arizonica,1,2020,12/11/2020,,7,,10.4,B40-10_C_01_10X_BF,10.9,,,,,0.292,0.404,,90.8,19.72250,7.1611,12.5614,,,,,,,,,,B40-10_C_R2_20201214_13053093,1.905,1.23,0.3543307087
b40-14.10,Control,110,b40-14,arizonica,1,2020,12/11/2020,,7,,10.4,B40-10_C_01_10X_BF,10.9,,,,,0.292,0.404,,90.8,19.72250,7.1611,12.5614,12.5614,,,,,,,,,B40-10_C_R1_20201214_13000101,0.175,0.112,0.36
b40-14.2,Drought,102,b40-14,arizonica,2,2020,12/15/2020,,7,,14.5,,,10.7413,9.4755,,,0.127,0.084,4.90,21,13.40175,7.1611,6.2407,6.2407,,,,,,,,,B40-2_D_2_R1_20201220_16573022.tif,1.749,1.397,0.2012578616
b40-14.2,Drought,102,b40-14,arizonica,2,2020,12/15/2020,,7,,14.5,,,10.7413,9.4755,,,0.127,0.084,4.90,21,13.40175,7.1611,6.2407,,,,,,,,,,B40-2_D_2_R2_20201220_17021087.tif,1.042,0.795,0.2370441459
b40-14.2,Drought,102,b40-14,arizonica,2,2020,12/15/2020,,7,,14.5,,,10.7413,9.4755,,,0.127,0.084,4.90,21,13.40175,7.1611,6.2407,,,,,,,,,,B40-2_D_2_R3_20201220_17054647.tif,0.419,0.315,0.2482100239
b40-14.2,Drought,102,b40-14,arizonica,2,2020,12/15/2020,,7,,14.5,,,10.7413,9.4755,,,0.127,0.084,4.90,21,13.40175,7.1611,6.2407,,,,,,,,,,B40-2_D_2_R3_20201220_17054647.tif,0.313,0.221,0.2939297125
b40-14.2,Drought,102,b40-14,arizonica,2,2020,12/15/2020,,7,,14.5,,,10.7413,9.4755,,,0.127,0.084,4.90,21,13.40175,7.1611,6.2407,,,,,,,,,,,,,
b40-14.3,Drought,103,b40-14,arizonica,3,2020,12/16/2020,,6,,11.2,b40-3_D_ALS,14.1,11.0462,10.1393,,,0.091,0.069,5.18,33.1,14.05343,7.1611,6.8924,,164,0.03777,0.000230304878,0.005479971456,,,,,B40-3_D_3_R2_20201222_12512463.tif,0.788,0.616,0.2182741117
b40-14.3,Drought,103,b40-14,arizonica,3,2020,12/16/2020,,6,,11.2,b40-3_D_ALS,14.1,11.0462,10.1393,,,0.091,0.069,5.18,33.1,14.05343,7.1611,6.8924,6.8924,164,0.03777,0.000230304878,0.005479971456,,,,,B40-3_D_3_R1_20201222_12464388.tif,0.489,0.343,0.2985685072
b40-14.3,Drought,103,b40-14,arizonica,3,2020,12/16/2020,,6,,11.2,b40-3_D_ALS,14.1,11.0462,10.1393,,,0.091,0.069,5.18,33.1,14.05343,7.1611,6.8924,,164,0.03777,0.000230304878,0.005479971456,,,,,B40-3_D_3_R3_20201222_12560367.tif,1.19,0.799,0.3285714286
b40-14.3,Drought,103,b40-14,arizonica,3,2020,12/16/2020,,6,,11.2,b40-3_D_ALS,14.1,11.0462,10.1393,,,0.091,0.069,5.18,33.1,14.05343,7.1611,6.8924,,164,0.03777,0.000230304878,0.005479971456,,,,,B40-3_D_3_R4_20201222_12592045.tif,0.684,0.414,0.3947368421
b40-14.4,Drought,104,b40-14,arizonica,5,2020,12/18/2020,,18.1,,17.7,,,,,,,0.289,0.120,5.00,16,19.94402,12.7141,7.2299,7.2299,,,,,,,,,,,,
b40-14.5,Drought,105,b40-14,arizonica,4,2020,12/17/2020,,11,,14.6,B40-5_D_02_10X_BF,14.8,9.4302,9.2678,,,0.105,0.050,5.27,23.8,12.45229,7.1611,5.2912,5.2912,,,,,,,,,,,,
b40-14.6,Control,106,b40-14,arizonica,2,2020,12/15/2020,,6.4,,13.4,,10,10.6457,10.6051,,,0.274,0.391,7.09,98.5,22.16038,12.7141,9.4463,9.4463,,,,,,,,,,,,
b40-14.7,Control,107,b40-14,arizonica,4,2020,12/17/2020,,10.8,,16.2,,,12.6046,13.9099,,,,,6.26,100.5,17.19169,7.1611,10.0306,,,,,,,,,,B40-7_C_B4_R2_20201223_13484921.tif,1.582,1.06,0.3299620733
b40-14.7,Control,107,b40-14,arizonica,4,2020,12/17/2020,,10.8,,16.2,,,12.6046,13.9099,,,,,6.26,100.5,17.19169,7.1611,10.0306,,,,,,,,,,B40-7_C_B4_R4_20201223_14005060.tif,1.554,0.925,0.4047619048
b40-14.7,Control,107,b40-14,arizonica,4,2020,12/17/2020,,10.8,,16.2,,,12.6046,13.9099,,,,,6.26,100.5,17.19169,7.1611,10.0306,10.0306,,,,,,,,,B40-7_C_B4_R1_20201223_13445800.tif,1.377,0.779,0.4342774147
b40-14.7,Control,107,b40-14,arizonica,4,2020,12/17/2020,,10.8,,16.2,,,12.6046,13.9099,,,,,6.26,100.5,17.19169,7.1611,10.0306,,,,,,,,,,B40-7_C_B4_R3_20201223_13554149.tif,1.332,0.714,0.463963964
b40-14.8,Control,108,b40-14,V. arizonica,5,2020,12/18/2020,,6.4,,9.9,,,,,,,,,6.89000,110.2000,28.9440,12.7141,16.2299,16.2299,,,,,,,,,B40-8_C_B5_R1_20210111_15480199_mask,6.126,3.275,0.4653934052
b40-14.8,Control,108,b40-14,V. arizonica,5,2020,12/18/20,,6.4,,9.9,,,,,,,,,6.89,110.2,28.944,12.7141,16.2299,16.2299,,,,,,,,,B40-8_C_B5_R2_20210111_15500976_mask,23.498,14.119,0.3991403524
b40-14.8,Control,108,b40-14,V. arizonica,5,2020,12/18/2020,,6.4,,9.9,,,,,,,,,6.89000,110.2000,28.9440,12.7141,16.2299,16.2299,,,,,,,,,B40-8_C_B5_R3_20210111_15543572_mask,9.214,5.974,0.3516388105
b40-14.9,Control,109,b40-14,arizonica,3,2020,12/16/2020,,9.5,,8,b40-9_C_ALS,10,,,,,0.236,0.348,7.18,113.6,18.54750,7.1611,11.3864,11.3864,,,,,,,,,B40-9_C_3_R1_20201222_12044337.tif,0.735,0.43,0.4149659864
b40-14.9,Control,109,b40-14,arizonica,3,2020,12/16/2020,,9.5,,8,b40-9_C_ALS,10,,,,,0.236,0.348,7.18,113.6,18.54750,7.1611,11.3864,,,,,,,,,,B40-9_C_3_R2_20201222_12081320.tif,1.127,0.645,0.4276841171
b40-14.9,Control,109,b40-14,arizonica,3,2020,12/16/2020,,9.5,,8,b40-9_C_ALS,10,,,,,0.236,0.348,7.18,113.6,18.54750,7.1611,11.3864,,,,,,,,,,B40-9_C_3_R4_20201222_12203633.tif,1.059,0.506,0.522190746
b40-14.9,Control,109,b40-14,arizonica,3,2020,12/16/2020,,9.5,,8,b40-9_C_ALS,10,,,,,0.236,0.348,7.18,113.6,18.54750,7.1611,11.3864,,,,,,,,,,B40-9_C_3_R3_20201222_12121061.tif,0.713,0.338,0.5259467041
b42-24.1,Drought,232,b42-24,peninsularis,1,2020,12/11/2020,,7.9,,15.4,,10,,,,,0.122,0.085,5.10,37.30,13.87670,,,,,,,,,,,,,,,
b42-24.10,Control,241,b42-24,peninsularis,3,2020,12/16/2020,,,,,,,11.7191,11.7606,,,,,4.47,79.30,17.59020,,,,,,,,,,,,,,,
b42-24.2,Drought,233,b42-24,peninsularis,4,2020,12/17/2020,,8.4,,13.1,,,9.9651,,,,,,3.97,31.40,17.12200,,,,,,,,,,,,,,,
b42-24.3,Drought,234,b42-24,peninsularis,2,2020,12/15/2020,,10.2,,10.4,,,10.9079,11.1268,,,0.131,0.274,4.79,,13.89210,,,,,,,,,,,,,,,
b42-24.4,Drought,235,b42-24,peninsularis,5,2020,12/18/2020,,,,,,,,,,,0.110,0.140,4.315,15.20,13.45480,,,,,,,,,,,,,,,
b42-24.5,Drought,236,b42-24,peninsularis,3,2020,12/16/2020,,,,,,,,,,,,,4.19,42.30,16.12860,,,,,,,,,,,,,,,
b42-24.6,Control,237,b42-24,peninsularis,2,2020,12/15/2020,,8.9,,12.2,,,12.1103,13.1835,,,0.384,0.591,9.68,82.40,14.62870,,,,,,,,,,,,,,,
b42-24.7,Control,238,b42-24,peninsularis,1,2020,12/11/2020,,6.2,,9.5,,,,11.5861,,,0.495,0.454,4.64,45.40,11.03180,,,,137,0.0995,0.0007262773723,,,,,,,,,
b42-24.8,Control,239,b42-24,peninsularis,4,2020,12/17/2020,,11.5,,,,,11.0474,11.7782,,,,,4.91,91.40,15.71320,,,,,,,,,,,,,,,
b42-24.9,Control,240,b42-24,peninsularis,5,2020,12/18/2020,,,,,,,,,,,0.319,,5.05,96.00,27.52520,,,,,,,,,,,,,,,
b42-34.1,Drought,31,b42-34,cinerea,2,2020,12/15/2020,,10.5,,13,,14.3,11.0996,,,,0.170,0.186,4.03,14,11.02480,,,,,,,,,,,,,,,
b42-34.10,Control,40,b42-34,cinerea,3,2020,12/16/2020,,,,,,11.5,11.8458,12.4513,,,,,3.83,58.80,12.21650,,,,,,,,,,,,,,,
b42-34.2,Drought,32,b42-34,cinerea,1,2020,12/11/2020,,11.2,,14,,17.42,,10.0761,,,,,3.77,25.20,13.69620,,,,172,0.00566,0.00003290697674,,,,,,,,,
b42-34.3,Drought,33,b42-34,cinerea,5,2020,12/18/2020,,,,,,,,,,,0.057,0.048,3.49,11.20,10.51760,,,,,,,,,,,,,,,
b42-34.4,Drought,34,b42-34,cinerea,4,2020,12/18/2020,,11.9,,15.4,,14.14,,,,,0.171,,3.78,15.40,14.17490,,,,,,,,,,,,,,,
b42-34.5,Drought,35,b42-34,cinerea,3,2020,12/16/2020,,,,,,12.4,,,,,,,3.41,17.80,15.45670,,,,,,,,,,,,,,,
b42-34.6,Control,36,b42-34,cinerea,1,2020,12/11/2020,,5.8,,11.5,,11.5,,,,,,,3.99,42.10,11.31370,,,,178,0.1244,0.0006988764045,,,,,,,,,
b42-34.7,Control,37,b42-34,cinerea,4,2020,12/17/2020,,4.5,1.106,11.06,,10.6,10.6308,,,,,,4.89,51.30,12.88030,,,,,,,,,,,,,,,
b42-34.8,Control,38,b42-34,cinerea,5,2020,12/18/2020,,,,,,,,,,,0.363,0.472,4.27,23.90,12.52450,,,,,,,,,,,,,,,
b42-34.9,Control,39,b42-34,cinerea,2,2020,12/15/2020,,8.9,,11.6,,10.9,11.0968,13.6790,,,0.511,0.536,4.88,56.80,12.89140,,,,,,,,,,,,,,,
C56-94.1,Drought,161,C56-94,rotundifolia var. munsoniana,3,2020,12/16/2020,,,,,,,,,,,0.191,0.094,4.08,25.4,15.82460,,,,,,,,,,,,,,,
C56-94.10,Control,170,C56-94,rotundifolia var. munsoniana,4,2020,12/17/2020,,6,,14.3,,,10.4221,11.7635,,,0.315,0.459,5.73,62.4,17.15410,,,,,,,,,,,,,,,
C56-94.2,Drought,162,C56-94,rotundifolia var. munsoniana,4,2020,12/18/2020,,9.5,,13.2,,3.01,,,,,0.181,0.161,4.79,18.1,17.3575,,,,,,,,,,,,,,,
C56-94.3,Drought,163,C56-94,rotundifolia var. munsoniana,2,2020,12/15/2020,,8.8,,16.5,,9,,,,,0.285,0.598,5.45,27.3,16.62870,,,,,,,,,,,,,,,
C56-94.4,Drought,164,C56-94,rotundifolia var. munsoniana,5,2020,12/18/2020,,,,,,,,,,,0.067,0.071,4.08,7.9,9.91390,,,,,,,,,,,,,,,
C56-94.5,Drought,165,C56-94,rotundifolia var. munsoniana,1,2020,12/11/2020,,6.4,,11.8,,8.3,,,,,0.264,0.223,5.10,24.1,13.70590,,,,,,,,,,,,,,,
C56-94.6,Control,166,C56-94,rotundifolia var. munsoniana,2,2020,12/15/2020,,5.2,,11.1,,7.8,,13.0169,,,0.437,0.202,5.60,53.7,18.03220,,,,,,,,,,,,,,,
C56-94.7,Control,167,C56-94,rotundifolia var. munsoniana,1,2020,12/11/2020,,7.1,,9.5,,7.3,,,,,0.486,0.618,5.40,53.2,23.02420,,,,173,0.42511,0.002457283237,,,,,,,,,
C56-94.8,Control,168,C56-94,rotundifolia var. munsoniana,3,2020,12/16/2020,,,,,,,,,,,0.471,0.608,5.52,45.8,15.42590,,,,,,,,,,,,,,,
C56-94.9,Control,169,C56-94,rotundifolia var. munsoniana,5,2020,12/18/2020,,,,,,,,,,,,,5.72,52.9,19.93680,,,,,,,,,,,,,,,
CC12.1,Drought,222,CC12,californica,1,2020,12/11/2020,,7.9,,11.6,,,,,,,0.136,0.262,5.6,19.3,16.88260,,,,,,,,,,,,,,,
CC12.10,Control,231,CC12,californica,5,2020,12/18/2020,,,,,,,,,,,0.239,0.354,7.94,65.5,50.24860,,,,,,,,,,,,,,,
CC12.2,Drought,223,CC12,californica,3,2020,12/16/2020,,,,,,,,,,,,,6.14,15.6,34.43880,,,,,,,,,,,,,,,
CC12.3,Drought,224,CC12,californica,2,2020,12/15/2020,,8.3,,13.2,,,10.6111,,,,0.207,0.090,8.28,20.7,17.30660,,,,,,,,,,,,,,,
CC12.4,Drought,225,CC12,californica,4,2020,12/17/2020,,8,,11.2,,,10.8167,11.1885,,,0.091,0.067,6.60,20.3,27.58400,,,,,,,,,,,,,,,
CC12.5,Drought,226,CC12,californica,5,2020,12/18/2020,,,,,,,,,,,0.130,0.050,5.675,9.7,19.26620,,,,,,,,,,,,,,,
CC12.6,Control,227,CC12,californica,3,2020,12/16/2020,,,,,,,11.3788,12.4881,,,0.358,0.525,8.05,76.9,32.17580,,,,,,,,,,,,,,,
CC12.7,Control,228,CC12,californica,4,2020,12/17/2020,,7.4,,14.1,,,10.4900,9.6536,,,,,6.82,69.8,31.92580,,,,,,,,,,,,,,,
CC12.8,Control,229,CC12,californica,2,2020,12/15/2020,,8,,7.4,,,11.0628,10.1099,,,0.380,0.438,8.21,78,71.59620,,,,,,,,,,,,,,,
CC12.9,Control,230,CC12,californica,1,2020,12/11/2020,,4.4,0.5,5,,,,,,,0.237,0.352,6.92,71.4,27.79530,,,,,,,,,,,,,,,
Haines.1,Control,91,Haines,shuttleworthii,1,2020,12/11/2020,,10,,8.8,,,,,,,,,4.62,26.3,10.70390,,,,63,0.06972,0.001106666667,,,,,,,,,
Haines.2,Drought,92,Haines,shuttleworthii,5,2020,12/18/2020,,,,,,,,,,,0.076,0.061,3.28,1.6,8.43960,,,,,,,,,,,,,,,
Haines.3,Drought,93,Haines,shuttleworthii,4,2020,12/17/2020,,7.6,,11.2,,,10.5412,9.8795,,,0.116,0.119,4.34,3.8,9.29190,,,,,,,,,,,,,,,
Haines.6,Control,96,Haines,shuttleworthii,5,2020,12/18/2020,,,,,,,,,,,0.356,0.440,4.40,13.7,8.85590,,,,,,,,,,,,,,,
Haines.7,Drought,97,Haines,shuttleworthii,2,2020,,,,,,,,,,,,0.139,0.208,4.15,3.1,,6.1005,,,,,,,,,,,,,,
Haines.8,Control,98,Haines,shuttleworthii,4,2020,12/17/2020,,4.3,0.72,7.2,,,11.7653,10.7364,,,0.334,0.454,4.82,39.2,31.27670,,,,,,,,,,,,,,,
Haines2.1,Drought,282,Hanes2,shuttleworthii,1,2020,12/11/2020,,6.4,,12.4,,,,,,,0.162,0.168,6.13,2.1,18.50880,,,,,,,,,,,,,,,
Haines2.10,Drought,291,Hanes2,shuttleworthii,2,2020,12/15/2020,,7.7,,14,,,,10.3422,,,0.180,0.152,6.22,11.9,17.54270,,,,,,,,,,,,,,,
Haines2.2,Drought,283,Hanes2,shuttleworthii,2,2020,12/15/2020,,5.9,,9.8,,,11.7220,11.1997,,,0.123,0.149,6.61,18.6,12.06400,,,,,,,,,,,,,,,
Haines2.3,Drought,284,Hanes2,shuttleworthii,5,2020,12/18/2020,,,,,,,,,,,0.046,0.039,6.10,4.2,15.85490,,,,,,,,,,,,,,,
Haines2.4,Control,285,Hanes2,shuttleworthii,4,2020,12/17/2020,,7.1,,14.1,,,10.4161,10.8510,,,0.266,0.451,6.06,74.7,12.18620,,,,,,,,,,,,,,,
Haines2.5,Drought,286,Hanes2,shuttleworthii,3,2020,12/16/2020,,,,,,,10.5551,10.4191,,,0.180,0.137,6.80,25.5,21.74590,,,,,,,,,,,,,,,
Haines2.6,Control,287,Hanes2,shuttleworthii,3,2020,12/16/2020,,,,,,,,,,,0.494,0.384,8.35,100.2,44.42220,,,,163,0.27491,0.001686564417,,,,,,,,,
Haines2.7,Control,288,Hanes2,shuttleworthii,1,2020,12/11/2020,,5.5,,9.2,,,,,,,0.286,0.425,7.80,67.3,22.60020,,,,,,,,,,,,,,,
Haines2.8,Control,289,Hanes2,shuttleworthii,3,2020,12/16/2020,,,,,,,,,,,0.365,0.681,9.00,99.5,18.11990,,,,88,0.98213,0.01116056818,,,,,,,,,
Haines2.9,Control,290,Hanes2,shuttleworthii,2,2020,12/15/2020,,7.8,,11.9,,,8.6343,,,,0.255,0.493,8.46,76.8,21.15280,,,,,,,,,,,,,,,
NY1.1,Drought,41,NY1,riparia,1,2020,12/11/2020,,7.1,,12,,9.1,,,,,,,5.38,10.5,17.97810,,,,,,,,,,,,,,,
NY1.10,Control,50,NY1,riparia,4,2020,12/17/2020,,8.6,,9,,7.5,9.3205,10.1829,,,0.363,0.421,5.71,76.6,23.31810,,,,,,,,,,,,,,,
NY1.2,Drought,42,NY1,riparia,3,2020,12/16/2020,,,,,,9.1,,,,,0.210,0.105,4.44,16.4,19.85340,,,,74,0.21329,0.002882297297,,,,,,,,,
NY1.3,Drought,43,NY1,riparia,5,2020,12/18/2020,,,,,,11.1,,,,,0.069,0.057,4.82,4.5,16.90650,,,,,,,,,,,,,,,
NY1.4,Drought,44,NY1,riparia,4,2020,12/17/2020,,7.8,,11.9,,,9.1594,10.7004,,,0.143,0.097,4.86,17.1,21.79670,,,,,,,,,,,,,,,
NY1.5,Drought,45,NY1,riparia,2,2020,12/15/2020,,15.5,,11.6,,8.5,9.4646,10.4336,,,0.223,0.211,4.33,55.1,23.62610,,,,,,,,,,,,,,,
NY1.6,Control,46,NY1,riparia,1,2020,12/11/2020,,24.2,,11.6,,,,,,,0.456,0.639,6.64,32.6,16.59710,,,,,,,,,,,,,,,
NY1.7,Control,47,NY1,riparia,5,2020,12/18/2020,,,,,,8.4,,,,,0.289,0.448,3.45,65.8,32.98210,,,,,,,,,,,,,,,
NY1.8,Control,48,NY1,riparia,3,2020,12/16/2020,,,,,,11.05,,,,,,,5.04,42.5,21.89360,,,,53,0.48034,0.009063018868,,,,,,,,,
NY1.9,Control,49,NY1,riparia,2,2020,12/15/2020,,6.1,,10.2,,9.1,,,,,0.348,0.539,5.35,,18.03740,,,,,,,,,,,,,,,
OCK1-S02.1,Drought,192,OCK1-S02,acerifolia,3,2020,12/16/2020,,,,,,,,,,,0.144,0.113,5.10,29.6,33.56340,,,,,,,,,,,,,,,
OCK1-S02.10,Control,201,OCK1-S02,acerifolia,1,2020,12/11/2020,,4.9,,11.5,,,,,,,0.382,0.460,7.31,64.9,21.21320,,,,,,,,,,,,,,,
OCK1-S02.2,Drought,193,OCK1-S02,acerifolia,1,2020,12/11/2020,,4.8,,10.2,,,,,,,,,5.39,21.5,17.50670,,,,,,,,,,,,,,,
OCK1-S02.3,Drought,194,OCK1-S02,acerifolia,4,2020,12/17/2020,,4.8,,13.9,,,10.8543,10.3189,,,0.328,0.109,5.45,23.8,17.57640,,,,,,,,,,,,,,,
OCK1-S02.4,Drought,195,OCK1-S02,acerifolia,2,2020,,,,,,,,,,,,,,NA,,,,,,,,,,,,,,,,,
OCK1-S02.5,Drought,196,OCK1-S02,acerifolia,5,2020,12/18/2020,,,,,,,,,,,0.079,0.055,5.01,8.9,16.67220,,,,,,,,,,,,,,,
OCK1-S02.6,Control,197,OCK1-S02,acerifolia,3,2020,12/16/2020,,,,,,,,,,,0.335,0.484,7.45,86.4,22.28100,,,,98,0.36816,0.003756734694,,,,,,,,,
OCK1-S02.7,Control,198,OCK1-S02,acerifolia,5,2020,12/18/2020,,,,,,,,,,,0.281,0.361,6.35,73.7,23.84250,,,,,,,,,,,,,,,
OCK1-S02.8,Control,199,OCK1-S02,acerifolia,2,2020,12/15/2020,,8.6,,8.7,,,10.9706,11.4555,,,0.317,0.501,7.24,88.4,27.83590,,,,,,,,,,,,,,,
OCK1-S02.9,Control,200,OCK1-S02,acerifolia,4,2020,12/17/2020,,10.6,,17.3,,,8.9263,10.4011,,,,,8.27,97.9,,12.7141,,,,,,,,,,,,,,
SC2.1,Control,242,SC2,girdiana,2,2020,12/17/2020,,7.6,,11.7,,,11.1390,10.7053,,,0.382,0.495,6.05,31.6,15.21400,,,,,,,,,,,,,,,
SC2.2,Drought,243,SC2,girdiana,4,2020,,,15.1,,16,,,,,,,0.074,0.049,5.67,8.2,22.18320,,,,,,,,,,,,,,,
SC2.4,Drought,245,SC2,girdiana,5,2020,12/16/2020,,,,,,,9.5996,9.9245,,,0.107,0.080,6.07,14.7,29.05760,,,,,,,,,,,,,,,
SC2.5,Drought,246,SC2,girdiana,3,2020,12/11/2020,,,,,,,,,,,,,6.16,9.3,24.60430,,,,,,,,,,,,,,,
SC2.6,Control,247,SC2,girdiana,1,2020,12/18/2020,,,,,,,,,,,,,NA,,,,,,,,,,,,,,,,,
SC2.7,Control,248,SC2,girdiana,5,2020,12/11/2020,,,,,,,,,,,0.419,0.627,6.59,30.1,21.92020,,,,,,,,,,,,,,,
SC2.8,Control,249,SC2,girdiana,1,2020,12/16/2020,,5,,12.4,,,,,,,0.476,0.536,8.36,40.3,16.84910,,,,118,0.2361,0.002000847458,,,,,,,,,
SC2.9,Drought,250,SC2,girdiana,3,2020,,,,,,,,11.2841,,,,0.185,0.183,6.01,4.2,12.71060,,,,,,,,,,,,,,,
T48.1,Drought,131,T48,mustangensis,2,2020,12/16/2020,,9.9,,11.5,,,,,,,,,4.35,10.7,17.51820,,,,,,,,,,,,,,,
T48.10,Control,140,T48,mustangensis,3,2020,12/17/2020,,,,,,9.34,10.8479,11.2798,,,,,4.70,49.5,20.54970,,,,,,,,,,,,,,,
T48.2,Drought,132,T48,mustangensis,4,2020,12/15/2020,,12.8,,11.6,,11.7,,,,,0.243,0.184,4.46,15.6,23.78690,,,,,,,,,,,,,,,
T48.3,Drought,133,T48,mustangensis,2,2020,12/17/2020,,6.3,,10.2,,11.1,9.6570,9.5200,,,,,5.16,16.7,28.18330,,,,,,,,,,,,,,,
T48.4,Drought,134,T48,mustangensis,4,2020,12/11/2020,,7,,11.9,,14.1,,,,,0.084,0.096,4.88,17.6,21.95300,,,,,,,,,,,,,,,
T48.5,Drought,135,T48,mustangensis,1,2020,12/18/2020,,,,,,12.8,,,,,0.094,0.063,4.63,6,20.32690,,,,,,,,,,,,,,,
T48.6,Control,136,T48,mustangensis,5,2020,12/15/2020,,,,,,9.2,9.3633,13.3104,,,0.432,0.601,6.07,70,30.08770,,,,,,,,,,,,,,,
T48.7,Control,137,T48,mustangensis,2,2020,12/11/2020,,4.8,,9.2,,10.92,,,,,0.393,0.529,5.75,41.3,24.89330,,,,93,0.22192,0.002386236559,,,,,,,,,
T48.8,Control,138,T48,mustangensis,1,2020,12/16/2020,,5.4,,7.4,,,,,,,,,4.53,25.4,22.89620,,,,59,0.57014,0.009663389831,,,,,,,,,
T48.9,Control,139,T48,mustangensis,3,2020,12/18/2020,,,,,,,,,,,0.342,0.542,5.45,43.1,23.33410,,,,,,,,,,,,,,,
T52.1,Drought,121,T52,aestivalis,2,2020,12/15/2020,,8.3,,11.3,T52-1_D_03_5x_BF01,6.1,10.8047,10.8065,,,0.278,0.424,3.79,9.2,20.13438,7.1611,12.9733,12.9733,,,,,,,,,T52-1_D_B2_R1_20201222_14221096.tif,3.005,2.262,0.2472545757
T52.1,Drought,121,T52,aestivalis,2,2020,12/15/2020,,8.3,,11.3,T52-1_D_03_5x_BF01,6.1,10.8047,10.8065,,,0.278,0.424,3.79,9.2,20.13438,7.1611,12.9733,,,,,,,,,,T52-1_D_B2_R2_20201222_14272763.tif,2.365,1.647,0.3035940803
T52.1,Drought,121,T52,aestivalis,2,2020,12/15/2020,,8.3,,11.3,T52-1_D_03_5x_BF01,6.1,10.8047,10.8065,,,0.278,0.424,3.79,9.2,20.13438,7.1611,12.9733,,,,,,,,,,T52-1_D_B2_R3_20201222_14303712.tif,1.255,0.753,0.4
T52.10,Control,130,T52,aestivalis,3,2020,12/16/2020,,9.9,,11.5,,5.9,,,,,0.429,0.511,6.28,45.3,23.56140,7.1611,16.4003,,,,,,,,,,T52-10_C_B3_R2_20201219_16590853.tif,3.812,2.861,0.249475341
T52.10,Control,130,T52,aestivalis,3,2020,12/16/2020,,9.9,,11.5,,5.9,,,,,0.429,0.511,6.28,45.3,23.56140,7.1611,16.4003,16.4003,,,,,,,,,T52-10_C_B3_20201219_16513211.tif,1.889,1.404,0.256749603
T52.10,Control,130,T52,aestivalis,3,2020,12/16/2020,,9.9,,11.5,,5.9,,,,,0.429,0.511,6.28,45.3,23.56140,7.1611,16.4003,,,,,,,,,,T52-10_C_B3_R2_20201219_16590853.tif,0.225,0.102,0.5466666667
T52.2,Drought,122,T52,aestivalis,5,2020,12/18/2020,,6.8,,15.5,,,,,,,0.162,0.086,3.57,5.4,27.86000,12.7141,15.1459,15.1459,,,,,,,,,T52-2_D_B5_R1_20210111_15263268.tif,2.244,1.744,0.2228163993
T52.2,Drought,122,T52,aestivalis,5,2020,12/18/2020,,6.8,,15.5,,,,,,,0.162,0.086,3.57,5.4,27.86000,12.7141,15.1459,,,,,,,,,,T52-2_D_B5_R2_20210111_15331972,,,
T52.3,Drought,123,T52,aestivalis,1,2020,12/11/2020,,10.4,,12.9,,9.3,,,,,,,,8.6,21.11320,7.1611,13.9521,,,,,,,,,,T52-3_D_R2_20201214_14423246,1.466,1.19,0.1882673943
T52.3,Drought,123,T52,aestivalis,1,2020,12/11/2020,,10.4,,12.9,,9.3,,,,,,,,8.6,21.11320,7.1611,13.9521,,,,,,,,,,T52-3_D_R1_20201214_14385981,0.588,0.475,0.1921768707
T52.3,Drought,123,T52,aestivalis,1,2020,12/11/2020,,10.4,,12.9,,9.3,,,,,,,,8.6,21.11320,7.1611,13.9521,13.9521,,,,,,,,,T52-3_D_R1_20201214_14385981,0.847,0.655,0.2266824085
T52.4,Drought,124,T52,aestivalis,3,2020,12/16/2020,,5.4,,7.4,T52-4_C_ALS,8.4,,,,,0.255,0.115,4.60,16.7,29.19023,7.1611,22.0292,,,,,,,,,,T52-4_D_3_R2A_20201220_15561648.tif,3.151,2.502,0.2059663599
T52.4,Drought,124,T52,aestivalis,3,2020,12/16/2020,,5.4,,7.4,T52-4_C_ALS,8.4,,,,,0.255,0.115,4.60,16.7,29.19023,7.1611,22.0292,,,,,,,,,,T52-4_D_3_R3_20201220_15593413.tif,1.428,1.09,0.2366946779
T52.4,Drought,124,T52,aestivalis,3,2020,12/16/2020,,5.4,,7.4,T52-4_C_ALS,8.4,,,,,0.255,0.115,4.60,16.7,29.19023,7.1611,22.0292,22.0292,,,,,,,,,T52-4_D_3_R1_20201220_15531328.tif,2.627,1.92,0.2691282832
T52.4,Drought,124,T52,aestivalis,3,2020,12/16/2020,,5.4,,7.4,T52-4_C_ALS,8.4,,,,,0.255,0.115,4.60,16.7,29.19023,7.1611,22.0292,,,,,,,,,,T52-4_D_3_R4_20201220_16030554.tif,2.292,1.598,0.3027923211
T52.5,Drought,125,T52,aestivalis,4,2020,12/17/2020,,,,11.7,,9.9,9.6108,9.9058,,,,,4.25,7.2,35.53100,12.7141,22.8169,22.8169,,,,,,,,,,,,
T52.6,Control,126,T52,aestivalis,2,2020,12/15/2020,,7.6,,12.1,,6.5,10.9411,,,,0.387,0.476,5.83,72.2,35.50338,7.1611,28.3423,,,,,,,,,,T52-6_C_2_R4_20201220_16472323.tif,2.76,1.635,0.4076086957
T52.6,Control,126,T52,aestivalis,2,2020,12/15/2020,,7.6,,12.1,,6.5,10.9411,,,,0.387,0.476,5.83,72.2,35.50338,7.1611,28.3423,28.3423,,,,,,,,,T52-6_C_2_R1_20201220_16295307.tif,1.839,1.012,0.4497009244
T52.7,Control,127,T52,aestivalis,1,2020,12/11/2020,,3.9,0.95,9.5,T52-7_C_02_5X_BF,6,,,,,,,5.97,48.4,24.44120,7.1611,17.2801,,103,1.01968,0.009899805825,0.05900877549,,,,,T52-7B_C_20201212_16434757.tif,5.954,4.137,0.3051729929
T52.7,Control,127,T52,aestivalis,1,2020,12/11/2020,,3.9,0.568,5.68,T52-7_C_02_5X_BF,6,,,,,,,5.97,48.4,24.44120,7.1611,17.2801,,103,1.01968,0.009899805825,0.05900877549,,,,,T52-7C_C_20201212_16455612.tif,1.963,1.268,0.3540499236
T52.7,Control,127,T52,aestivalis,1,2020,12/11/2020,,3.9,0.503,5.03,T52-7_C_02_5X_BF,6,,,,,,,5.97,48.4,24.44120,7.1611,17.2801,17.2801,103,1.01968,0.009899805825,0.05900877549,,,,,T52-7A_C_20201212_16395004.tif,2.695,1.675,0.3784786642
T52.8,Control,128,T52,aestivalis,4,2020,12/17/2020,,7,,10.9,T52-8_D_ALS,6.6,10.0641,12.5622,,,0.288,0.361,,59.8,35.89650,12.7141,23.1824,,,,,,,,,,T52-8_C_B4_R3_20201230_16303150.tif,,,
T52.8,Control,128,T52,aestivalis,4,2020,12/17/2020,,7,,10.9,T52-8_D_ALS,6.6,10.0641,12.5622,,,0.288,0.361,,59.8,35.89650,12.7141,23.1824,23.1824,,,,,,,,,T52-8_C_B4_R1_20201230_16213908.tif,5.565,4.464,0.1978436658
T52.8,Control,128,T52,aestivalis,4,2020,12/17/2020,,7,,10.9,T52-8_D_ALS,6.6,10.0641,12.5622,,,0.288,0.361,,59.8,35.89650,12.7141,23.1824,,,,,,,,,,T52-8_C_B4_R2_20201230_16242988.tif,3.236,2.397,0.2592707046
T52.9,Control,129,T52,aestivalis,5,2020,12/18/2020,,6.3,,12,,,,,,,0.261,0.416,6.10,45.6,42.87090,12.7141,30.1568,30.1568,,,,,,,,,,,,
TX6704.1,Drought,61,TX6704,monticola,5,2020,12/11/2020,,,,,,,,,,,,,2.22,9.4,14.29420,,,,,,,,,,,,,,,
TX6704.10,Control,70,TX6704,monticola,1,2020,12/18/2020,,,,,,12,,,,,,,5.45,42.9,14.62340,,,,,,,,,,,,,,,
TX6704.2,Drought,62,TX6704,monticola,5,2020,12/17/2020,,,,,,11,9.3361,10.1293,,,0.137,0.120,4.60,11.1,15.42450,,,,,,,,,,,,,,,
TX6704.3,Drought,63,TX6704,monticola,4,2020,12/15/2020,,,,,,12,10.9822,11.4495,,,0.195,0.243,4.93,31.1,14.50270,,,,,,,,,,,,,,,
TX6704.4,Drought,64,TX6704,monticola,2,2020,12/18/2020,,,,,,,,,,,0.074,0.195,3.97,6.4,15.42360,,,,,,,,,,,,,,,
TX6704.5,Drought,65,TX6704,monticola,5,2020,12/16/2020,,,,,,11.1,10.2025,10.6549,,,0.228,0.078,3.81,24.7,16.86780,,,,,,,,,,,,,,,
TX6704.6,Control,66,TX6704,monticola,3,2020,12/11/2020,,,,,,8.8,,,,,0.337,0.710,6.21,60,14.96860,,,,,,,,,,,,,,,
TX6704.7,Control,67,TX6704,monticola,1,2020,12/17/2020,,,,,,7.7,12.7773,14.2503,,,,,7.31,85.9,,12.7141,,,,,,,,,,,,,,
TX6704.8,Control,68,TX6704,monticola,4,2020,12/16/2020,,,,,,7.78,,,,,,,7.06,71.8,20.50080,,,,,,,,,,,,,,,
TX6704.9,Control,69,TX6704,monticola,3,2020,12/15/2020,,,,,,5.92,12.1901,12.1635,,,,,6.49,33.5,14.14970,,,,,,,,,,,,,,,
TXNM0821.1,Drought,141,TXNM0821,riparia,4,2020,12/17/2020,,5.3,,8.4,,,10.0710,10.6804,,,,,4.53,15.9,23.26670,12.7141,10.5526,10.5526,,,,,,,,,TXNM-1_C_B2_R1_20201230_14510707.tif,1.776,1.273,0.2832207207
TXNM0821.10,Control,150,TXNM0821,riparia,1,2020,12/11/2020,,4.9,,7.3,,11.03,,,,,0.551,0.691,5.82,41.9,16.87290,7.1611,9.7118,9.7118,143,0.02611,0.0001825874126,0.002688470518,,,,,TXNM0821-10_C_20201212_15591299.tif_mask_R1.tif,1.082,0.859,0.2060998152
TXNM0821.10,Control,150,TXNM0821,riparia,1,2020,12/11/2020,,4.9,,7.3,,11.03,,,,,0.551,0.691,5.82,41.9,16.87290,7.1611,9.7118,9.7118,143,0.02611,0.0001825874126,0.002688470518,,,,,TXNM0821-10_C_20201212_15591299.tif_mask_R2.tif,1.147,0.869,0.2423714037
TXNM0821.10,Control,150,TXNM0821,riparia,1,2020,12/11/2020,,4.9,,7.3,,11.03,,,,,0.551,0.691,5.82,41.9,16.87290,7.1611,9.7118,9.7118,143,0.02611,0.0001825874126,0.002688470518,,,,,TXNM0821-10_C_20201212_15591299.tif_mask_R3.tif,1.507,1.057,0.298606503
TXNM0821.2,Drought,142,TXNM0821,riparia,3,2020,12/16/2020,,8.3,,11,TXNM-2_D_01_10x_BF01,7.6,10.5516,10.6036,,,0.272,0.187,4.20,23,17.66292,7.1611,10.5019,10.5019,,,,,,,,,TXNM-2_D_3_R3_20201222_13423298.tif,1.456,1.204,0.1730769231
TXNM0821.2,Drought,142,TXNM0821,riparia,3,2020,12/16/2020,,8.3,,11,TXNM-2_D_01_10x_BF01,7.6,10.5516,10.6036,,,0.272,0.187,4.20,23,17.66292,7.1611,10.5019,10.5019,,,,,,,,,TXNM-2_D_3_R2_20201222_13381937.tif,2.725,2.365,0.1321100917
TXNM0821.2,Drought,142,TXNM0821,riparia,3,2020,12/16/2020,,8.3,,11,TXNM-2_D_01_10x_BF01,7.6,10.5516,10.6036,,,0.272,0.187,4.20,23,17.66292,7.1611,10.5019,10.5019,,,,,,,,,TXNM-2_D_3_R1_20201222_13350136.tif,0.214,0.141,0.3411214953
TXNM0821.3,Drought,143,TXNM0821,riparia,2,2020,12/15/2020,,6.3,,13,,6.8,10.9109,,,,0.137,0.165,5.57,16.7,15.71460,7.1611,8.5535,8.5535,,,,,,,,,TXNM-3_D_B4_R1_20201223_14495059_mask_R1.tif,0.214,0.141,0.3411214953
TXNM0821.3,Drought,143,TXNM0821,riparia,2,2020,12/15/2020,,6.3,,13,,6.8,10.9109,,,,0.137,0.165,5.57,16.7,15.71460,7.1611,8.5535,8.5535,,,,,,,,,TXNM-3_D_B4_R1_20201223_14495059_mask_R2.tif,1.065,0.824,0.2262910798
TXNM0821.3,Drought,143,TXNM0821,riparia,2,2020,12/15/2020,,6.3,,13,,6.8,10.9109,,,,0.137,0.165,5.57,16.7,15.71460,7.1611,8.5535,8.5535,,,,,,,,,TXNM-3_D_B4_R2_20201223_14523631_mask.tif,1.576,1.094,0.3058375635
TXNM0821.3,Drought,143,TXNM0821,riparia,2,2020,12/15/2020,,6.3,,13,,6.8,10.9109,,,,0.137,0.165,5.57,16.7,15.71460,7.1611,8.5535,8.5535,,,,,,,,,TXNM-3_D_B4_R3_20201223_14562703_mask_R1.tif,0.586,0.461,0.2133105802
TXNM0821.3,Drought,143,TXNM0821,riparia,2,2020,12/15/2020,,6.3,,13,,6.8,10.9109,,,,0.137,0.165,5.57,16.7,15.71460,7.1611,8.5535,8.5535,,,,,,,,,TXNM-3_D_B4_R3_20201223_14562703_mask_R2.tif,0.31,0.234,0.2451612903
TXNM0821.4,Drought,144,TXNM0821,riparia,1,2020,12/11/2020,,4.1,0.494,4.94,,7,,,,,0.177,0.384,,16.1,16.47250,7.1611,9.3114,9.3114,155,0.07947,0.0005127096774,0.00853466121,,,,,TXNM-4B_D_20201214_15135441.tif,1.533,1.312,0.1441617743
TXNM0821.4,Drought,144,TXNM0821,riparia,1,2020,12/11/2020,,4.1,0.581,5.81,,7,,,,,0.177,0.384,,16.1,16.47250,7.1611,9.3114,9.3114,155,0.07947,0.0005127096774,0.00853466121,,,,,TXNM-4C_D_20201214_15164311_mask_R1,0.283,0.225,0.2049469965
TXNM0821.4,Drought,144,TXNM0821,riparia,1,2020,12/11/2020,,4.1,0.581,5.81,,7,,,,,0.177,0.384,,16.1,16.47250,7.1611,9.3114,9.3114,155,0.07947,0.0005127096774,0.00853466121,,,,,TXNM-4C_D_20201214_15164311_mask_R2,0.535,0.485,0.09345794393
TXNM0821.5,Control,145,TXNM0821,riparia,4,2020,12/17/2020,,6.4,,9.1,TXNM-5_C_ALS,8.6,10.2723,12.3862,,,0.378,0.466,5.94,52.9,20.58784,7.1611,13.4268,13.4268,,,,,,,,,TXNM-5_C_B4_R1_20201223_13141894_mask,1.796,1.2,0.3318485523
TXNM0821.5,Control,145,TXNM0821,riparia,4,2020,12/17/2020,,6.4,,9.1,TXNM-5_C_ALS,8.6,10.2723,12.3862,,,0.378,0.466,5.94,52.9,20.58784,7.1611,13.4268,13.4268,,,,,,,,,TXNM-5_C_B4_R2_20201223_13190748_mask,1.728,1.51,0.1261574074
TXNM0821.5,Control,145,TXNM0821,riparia,4,2020,12/17/2020,,6.4,,9.1,TXNM-5_C_ALS,8.6,10.2723,12.3862,,,0.378,0.466,5.94,52.9,20.58784,7.1611,13.4268,13.4268,,,,,,,,,TXNM-5_C_B4_R3_20201223_13253439_mask,0.955,0.73,0.2356020942
TXNM0821.5,Control,145,TXNM0821,riparia,4,2020,12/17/2020,,6.4,,9.1,TXNM-5_C_ALS,8.6,10.2723,12.3862,,,0.378,0.466,5.94,52.9,20.58784,7.1611,13.4268,13.4268,,,,,,,,,TXNM-5_C_B4_R4_20201223_13284368_mask,2.664,2.089,0.2158408408
TXNM0821.6,Control,146,TXNM0821,riparia,5,2020,12/18/2020,,11.5,,14.4,TXNM-6_C_01_10X_BF,,,,,,0.387,0.552,5.51,45.9,19.80078,7.1611,12.6397,12.6397,,,,,,,,,,,,
TXNM0821.7,Control,147,TXNM0821,riparia,2,2020,12/15/2020,,7.3,,8.2,,8.6,8.7448,10.9926,,,0.607,0.542,5.32,52.8,30.90660,12.7141,18.1925,18.1925,,,,,,,,,,,,
TXNM0821.8,Drought,148,TXNM0821,riparia,4,2020,12/17/2020,,4.7,0.544,5.44,,9.1,9.2135,9.9653,,,,,5.74,24.8,27.42661,12.7141,14.7125,14.7125,,,,,,,,,,,,
TXNM0821.9,Control,149,TXNM0821,riparia,3,2020,12/16/2020,,6.3,,8.7,TXNM-8_D_ALS,9.43,,,,,0.533,0.611,5.88,56.8,26.93248,7.1611,19.7714,,83,0.13754,0.001657108434,0.00695650532,,,,,TXNM-9_C_3_R2_20201222_13141495.tif,2.08,1.665,0.1995192308
TXNM0821.9,Control,149,TXNM0821,riparia,3,2020,12/16/2020,,6.3,,8.7,TXNM-8_D_ALS,9.43,,,,,0.533,0.611,5.88,56.8,26.93248,7.1611,19.7714,,83,0.13754,0.001657108434,0.00695650532,,,,,TXNM-9_C_3_R3_20201222_13192129.tif,1.547,1.148,0.257918552
TXNM0821.9,Control,149,TXNM0821,riparia,3,2020,12/16/2020,,6.3,,8.7,TXNM-8_D_ALS,9.43,,,,,0.533,0.611,5.88,56.8,26.93248,7.1611,19.7714,19.7714,83,0.13754,0.001657108434,0.00695650532,,,,,TXNM-9_C_3_R1_20201222_13101001.tif,1.125,0.834,0.2586666667
UT12-075.1,Drought,252,UT12-075,girdiana,3,2020,12/15/2020,,7.1,,12.5,,,,,,,0.327,0.084,5.67,6.7,15.79270,,,,,,,,,,,,,,,
UT12-075.10,Control,261,UT12-075,girdiana,2,2020,,,,,11.8,,,,,,,,,NA,,,,,,,,,,,,,,,,,
UT12-075.2,Drought,253,UT12-075,girdiana,1,2020,,,,,,,,,,,,0.234,0.318,NA,,,,,,,,,,,,,,,,,
UT12-075.3,Drought,254,UT12-075,girdiana,3,2020,12/16/2020,,7.8,,11.5,,,10.9366,11.7672,,,0.154,0.206,4.22,1.2,10.89540,,,,248,0.3571,0.001439919355,,,,,,,,,
UT12-075.4,Drought,255,UT12-075,girdiana,5,2020,,,,,,,,,,,,,,NA,,,,,,,,,,,,,,,,,
UT12-075.5,Drought,256,UT12-075,girdiana,4,2020,12/17/2020,,,,,,,9.7715,9.0453,,,0.162,0.077,6.38,14,23.57500,,,,,,,,,,,,,,,
UT12-075.6,Control,257,UT12-075,girdiana,1,2020,12/11/2020,,4.6,0.851,8.51,,,,,,,0.491,0.652,6.98,30.1,19.36350,,,,173,0.33366,0.00192867052,,,,,,,,,
UT12-075.7,Control,258,UT12-075,girdiana,5,2020,12/18/2020,,,,,,,,,,,0.279,0.331,5.00,15,12.85600,,,,,,,,,,,,,,,
UT12-075.8,Control,259,UT12-075,girdiana,3,2020,12/16/2020,,9.7,,12.1,,,9.5477,11.9344,,,0.434,0.549,8.19,38.7,20.80590,,,,136,0.54416,0.004001176471,,,,,,,,,
UT12-075.9,Control,260,UT12-075,girdiana,4,2020,12/17/2020,,,,,,,10.6994,11.5103,,,,,6.98,35.8,19.91570,,,,,,,,,,,,,,,
V37-96.3,Control,153,V37-96,labrusca,2,2020,,,,,,,,,,,,,,,,,,,,,,,,,,,,,,,
V37-96.4,Drought,154,V37-96,labrusca,4,2020,,,,,,,,,,,,,,,,,,,,,,,,,,,,,,,
V37-96.5,Drought,155,V37-96,labrusca,3,2020,,,,,,,,,,,,,,,,,,,,,,,,,,,,,,,
V37-96.7,Control,157,V37-96,labrusca,3,2020,,,,,,,,,,,,,,,,,,,,,,,,,,,,,,,
V37-96.9,Control,159,V37-96,labrusca,4,2020,,,,,,,,,,,,,,,,,,,,,,,,,,,,,,,
V57-96.1,Drought,212,V57-96,vulpina,5,2020,12/18/2020,,6.6,,12.4,,,,,,,0.067,0.307,4.60,3.7,22.93346,12.7141,10.2194,10.2194,,,,,,,,,,,,
V57-96.10,Control,221,V57-96,vulpina,1,2020,12/11/2020,,8.4,,13.6,V57-10_C_01_10X_BF,,,,,,0.398,0.696,,14.7,17.47900,7.1611,10.3179,10.3179,93,0.05278,0.0005675268817,0.005115361349,,,,,V56-10A_C_20201214_14214529.tif,0.749,0.537,0.2830440587
V57-96.10,Control,221,V57-96,vulpina,1,2020,12/11/2020,,8.4,,13.6,V57-10_C_01_10X_BF,,,,,,0.398,0.696,,14.7,17.47900,7.1611,10.3179,,93,0.05278,0.0005675268817,0.005115361349,,,,,V56-10A_C_20201214_14214529.tif,0.397,0.268,0.3249370277
V57-96.10,Control,221,V57-96,vulpina,1,2020,12/11/2020,,8.4,,13.6,V57-10_C_01_10X_BF,,,,,,0.398,0.696,,14.7,17.47900,7.1611,10.3179,,93,0.05278,0.0005675268817,0.005115361349,,,,,V56-10B_C_20201214_14244812.tif,1.357,0.791,0.4170965365
V57-96.2,Drought,213,V57-96,vulpina,2,2020,12/15/2020,,9.5,,11.4,,,,10.6215,,,0.189,0.166,3.55,4.8,26.70277,12.7141,13.9887,13.9887,,,,,,,,,,,,
V57-96.3,Drought,214,V57-96,vulpina,4,2020,12/17/2020,,9.6,,13.8,,,8.5984,10.3458,,,,,3.83,4.1,35.63181,12.7141,22.9177,22.9177,,,,,,,,,,,,
V57-96.4,Drought,215,V57-96,vulpina,3,2020,12/16/2020,,7.1,,6.3,V57-4_D_02_5x_BF,,10.4719,11.3253,,,0.204,0.180,4.82,17,38.39200,12.7141,25.6779,,,,,,,,,,V57-4_D_B3_R2_20201219_18341639.tif,1.444,1.09,0.2451523546
V57-96.4,Drought,215,V57-96,vulpina,3,2020,12/16/2020,,7.1,,6.3,V57-4_D_02_5x_BF,,10.4719,11.3253,,,0.204,0.180,4.82,17,38.39200,12.7141,25.6779,,,,,,,,,,V57-4_D_B3_R2_20201219_18341639.tif,1.442,1.075,0.2545076283
V57-96.4,Drought,215,V57-96,vulpina,3,2020,12/16/2020,,7.1,,6.3,V57-4_D_02_5x_BF,,10.4719,11.3253,,,0.204,0.180,4.82,17,38.39200,12.7141,25.6779,25.6779,,,,,,,,,V57-4_D_B3_R1_20201219_18294358.tif,3.796,2.784,0.2665964173
V57-96.4,Drought,215,V57-96,vulpina,3,2020,12/16/2020,,7.1,,6.3,V57-4_D_02_5x_BF,,10.4719,11.3253,,,0.204,0.180,4.82,17,38.39200,12.7141,25.6779,,,,,,,,,,V57-4_D_B3_R2_20201219_18341639.tif,2.457,1.572,0.3601953602
V57-96.5,Drought,216,V57-96,vulpina,1,2020,12/11/2020,,10.1,,14.7,,,,,,,,,5.67,6,25.08396,12.7141,12.3699,,,,,,,,,,V57-5_D_B1_R3_20201230_15392079.tif,1.163,0.878,0.2450558899
V57-96.5,Drought,216,V57-96,vulpina,1,2020,12/11/2020,,10.1,,14.7,,,,,,,,,5.67,6,25.08396,12.7141,12.3699,,,,,,,,,,V57-5_D_B1_R2_20201230_15335875.tif,2.302,1.715,0.254995656
V57-96.5,Drought,216,V57-96,vulpina,1,2020,12/11/2020,,10.1,,14.7,,,,,,,,,5.67,6,25.08396,12.7141,12.3699,12.3699,,,,,,,,,V57-5_D_B1_R1_20201230_15253702.tif,1.355,0.938,0.3077490775
V57-96.6,Control,217,V57-96,vulpina,2,2020,12/15/2020,,7.3,,9.3,,,,,,,0.496,0.717,5.25,31.8,25.23620,7.1611,18.0751,,,,,,,,,,V57-6_C_B2_R3_20201219_18123290.tif,3.078,2.258,0.2664067576
V57-96.6,Control,217,V57-96,vulpina,2,2020,12/15/2020,,7.3,,9.3,,,,,,,0.496,0.717,5.25,31.8,25.23620,7.1611,18.0751,18.0751,,,,,,,,,V57-6_C_B2_R1_20201219_18043150.tif,2.329,1.312,0.4366680979
V57-96.6,Control,217,V57-96,vulpina,2,2020,12/15/2020,,7.3,,9.3,,,,,,,0.496,0.717,5.25,31.8,25.23620,7.1611,18.0751,,,,,,,,,,V57-6_C_B2_R2_20201219_18075771.tif,3.119,1.66,0.467778134
V57-96.7,Control,218,V57-96,vulpina,5,2020,12/18/2020,,7.2,,12.3,,,,,,,0.387,0.404,4.48,23.7,27.75458,7.1611,20.5935,,,,,,,,,,V57-7_C_B5_R5_20201223_15370584.tif,3.287,2.285,0.3048372376
V57-96.7,Control,218,V57-96,vulpina,5,2020,12/18/2020,,7.2,,12.3,,,,,,,0.387,0.404,4.48,23.7,27.75458,7.1611,20.5935,,,,,,,,,,V57-7_C_B5_R2_20201223_15281248.tif,4.004,2.602,0.3501498501
V57-96.7,Control,218,V57-96,vulpina,5,2020,12/18/2020,,7.2,,12.3,,,,,,,0.387,0.404,4.48,23.7,27.75458,7.1611,20.5935,,,,,,,,,,V57-7_C_B5_R4_20201223_15344435.tif,1.658,1.069,0.3552472859
V57-96.7,Control,218,V57-96,vulpina,5,2020,12/18/2020,,7.2,,12.3,,,,,,,0.387,0.404,4.48,23.7,27.75458,7.1611,20.5935,20.5935,,,,,,,,,V57-7_C_B5_R1_20201223_15232462.tif,2.391,1.496,0.374320368
V57-96.7,Control,218,V57-96,vulpina,5,2020,12/18/2020,,7.2,,12.3,,,,,,,0.387,0.404,4.48,23.7,27.75458,7.1611,20.5935,,,,,,,,,,V57-7_C_B5_R3_20201223_15312345.tif,1.292,0.79,0.3885448916
V57-96.8,Control,219,V57-96,vulpina,3,2020,12/16/2020,,9.3,,18.7,,,,,,,0.516,0.653,5.30,30.4,30.94910,7.1611,23.7880,,,,,,,,,,V57-8_C_B3_R3-B_20201219_19162553.tif,2.687,1.708,0.3643468552
V57-96.8,Control,219,V57-96,vulpina,3,2020,12/16/2020,,9.3,,18.7,,,,,,,0.516,0.653,5.30,30.4,30.94910,7.1611,23.7880,,,,,,,,,,V57-8_C_B3_R3-A_20201219_19144494.tif,1.49,0.933,0.3738255034
V57-96.8,Control,219,V57-96,vulpina,3,2020,12/16/2020,,9.3,,18.7,,,,,,,0.516,0.653,5.30,30.4,30.94910,7.1611,23.7880,,,,,,,,,,V57-8_C_B3_R3_20201219_19123094.tif,5.737,3.576,0.3766777061
V57-96.8,Control,219,V57-96,vulpina,3,2020,12/16/2020,,9.3,,18.7,,,,,,,0.516,0.653,5.30,30.4,30.94910,7.1611,23.7880,,,,,,,,,,V57-8_C_B3_R2_20201219_19081653.tif,2.244,1.34,0.4028520499
V57-96.8,Control,219,V57-96,vulpina,3,2020,12/16/2020,,9.3,,18.7,,,,,,,0.516,0.653,5.30,30.4,30.94910,7.1611,23.7880,,,,,,,,,,V57-8_C_B3_R3-C_20201219_19181350.tif,2.651,1.507,0.4315352697
V57-96.8,Control,219,V57-96,vulpina,3,2020,12/16/2020,,9.3,,18.7,,,,,,,0.516,0.653,5.30,30.4,30.94910,7.1611,23.7880,23.7880,,,,,,,,,V57-8_C_B3_R1_20201219_19012095.tif,3.557,1.998,0.4382906944
V57-96.9,Control,220,V57-96,vulpina,4,2020,12/17/2020,,5.3,,9.1,,,12.7166,12.1897,,,,,3.54,11.4,21.37942,7.1611,14.2184,,,,,,,,,,V57-9_D_B4_R2_20201223_12585486.tif,3.994,3.154,0.2103154732
V57-96.9,Control,220,V57-96,vulpina,4,2020,12/17/2020,,5.3,,9.1,,,12.7166,12.1897,,,,,3.54,11.4,21.37942,7.1611,14.2184,14.2184,,,,,,,,,V57-9_D_B4_R1_20201223_12522218.tif,3.525,2.767,0.215035461
V57-96.9,Control,220,V57-96,vulpina,4,2020,12/17/2020,,5.3,,9.1,,,12.7166,12.1897,,,,,3.54,11.4,21.37942,7.1611,14.2184,,,,,,,,,,V57-9_D_B4_R3_20201223_13010736.tif,3.545,2.41,0.3201692525
V57-96.9,Control,220,V57-96,vulpina,4,2020,12/17/2020,,5.3,,9.1,,,12.7166,12.1897,,,,,3.54,11.4,21.37942,7.1611,14.2184,,,,,,,,,,V57-9_D_B4_R4_20201223_13053584.tif,1.074,0.624,0.4189944134
V60-96.1,Drought,11,V60-96,vulpina,2,2020,12/15/2020,,9.8,,12,,,10.7062,,,,0.115,0.536,,1.10,17.64969,12.7141,4.9356,4.9356,,,,,,,,,,,,
V60-96.10,Control,20,V60-96,vulpina,5,2020,12/18/2020,,11.3,,15.5,,10.1,,,,,0.398,0.696,4.77,33.20,17.13360,12.7141,4.4195,,,,,,,,,,,,,
V60-96.2,Drought,12,V60-96,vulpina,3,2020,12/16/2020,,7.6,,10.8,,5.27,9.3464,10.8369,,,0.165,0.319,3.83,2.30,10.73260,7.1611,3.5715,,69,0.07304,0.001058550725,,,,,,,,,
V60-96.3,Drought,13,V60-96,vulpina,1,2020,12/11/2020,,6.4,,13.2,,10.8,,,,,,,3.47,7.50,10.81510,7.1611,3.6540,,,,,,,,,,,,,
V60-96.4,Drought,14,V60-96,vulpina,4,2020,12/18/2020,,9.3,,13.7,,14.5,,,,,0.103,0.100,3.47,10.50,21.20290,12.7141,8.4888,,,,,,,,,,,,,
V60-96.5,Drought,15,V60-96,vulpina,5,2020,12/18/2020,,9.7,,14.9,V60-5_D_ALS,10.5,,,,,0.099,0.103,3.00,2.40,12.38680,7.1611,5.2257,,,,,,,,,,,,,
V60-96.6,Control,16,V60-96,vulpina,3,2020,12/16/2020,,4.4,0.555,5.55,V60-6_C_ALS,11.9,15.6057,16.0516,,,0.453,0.556,4.33,25.10,12.09810,7.1611,4.9370,,79,0.16655,0.002108227848,,,,,,,,,
V60-96.7,Control,17,V60-96,vulpina,2,2020,12/15/2020,,9.1,,12.9,,8.4,12.1952,12.3187,,,0.507,0.192,,41.60,18.70454,12.7141,5.9905,5.9905,,,,,,,,,,,,
V60-96.8,Control,18,V60-96,vulpina,1,2020,12/11/2020,,4.8,,10,,5.34,,,,,,,3.73,15.40,9.47320,7.1611,2.3121,,103,0.82188,0.007979417476,,,,,,,,,
V60-96.9,Control,19,V60-96,vulpina,4,2020,12/17/2020,,7.3,,14.4,,,12.8329,14.9334,,,,,4.66,46.00,17.56490,12.7141,4.8508,,,,,,,,,,,,,
Vru42.1,Drought,171,Vru42,rupestris ,1,2020,12/11/2020,,8.8,,16.5,Vru-1_D_ALS,11.3,,,,,,,5.21,14.4,24.56330,7.1611,17.4022,,,,,,,,,,VRU-1_D_R2_20201212_16570169,1.542,1.213,0.2133592737
Vru42.1,Drought,171,Vru42,rupestris ,1,2020,12/11/2020,,8.8,,16.5,Vru-1_D_ALS,11.3,,,,,,,5.21,14.4,24.56330,7.1611,17.4022,17.4022,,,,,,,,,VRU-1_D_R1_20201212_16542857,4.238,2.961,0.301321378
Vru42.1,Drought,171,Vru42,rupestris ,1,2020,12/11/2020,,8.8,,16.5,Vru-1_D_ALS,11.3,,,,,,,5.21,14.4,24.56330,7.1611,17.4022,,,,,,,,,,VRU-1_D_R2_20201212_16570169,0.853,0.473,0.4454865182
Vru42.10,Control,180,Vru42,rupestris ,1,2020,12/11/2020,,6.8,,12,,8.42,,,,,0.506,0.564,6.11,45,29.19820,7.1611,22.0371,22.0371,111,0.41843,0.00376963964,0.01898748968,,,,,VRU-10B_C_20201212_16250314.tif,2.203,1.7,0.2283250113
Vru42.2,Drought,172,Vru42,rupestris ,3,2020,12/16/2020,,5.7,,8.5,,10.6,,,,,0.219,0.074,4.40,12.8,24.27270,7.1611,17.1116,,148,0.06303,0.0004258783784,0.003683457217,,,,,VRU-2_D_3_R2_20201220_15155717.tif,1.815,1.169,0.355922865
Vru42.2,Drought,172,Vru42,rupestris ,3,2020,12/16/2020,,5.7,,8.5,,10.6,,,,,0.219,0.074,4.40,12.8,24.27270,7.1611,17.1116,17.1116,148,0.06303,0.0004258783784,0.003683457217,,,,,VRU-2_D_3_R1_20201220_15132389.tif,2.04,1.307,0.3593137255
Vru42.2,Drought,172,Vru42,rupestris ,3,2020,12/16/2020,,5.7,,8.5,,10.6,,,,,0.219,0.074,4.40,12.8,24.27270,7.1611,17.1116,,148,0.06303,0.0004258783784,0.003683457217,,,,,VRU-2_D_3_R3_20201220_15200277.tif,0.306,0.163,0.4673202614
Vru42.2,Drought,172,Vru42,rupestris ,3,2020,12/16/2020,,5.7,,8.5,,10.6,,,,,0.219,0.074,4.40,12.8,24.27270,7.1611,17.1116,,148,0.06303,0.0004258783784,0.003683457217,,,,,VRU-2_D_3_R3_20201220_15200277.tif,0.17,0.082,0.5176470588
Vru42.2,Drought,172,Vru42,rupestris ,3,2020,12/16/2020,,5.7,,8.5,,10.6,,,,,0.219,0.074,4.40,12.8,24.27270,7.1611,17.1116,,148,0.06303,0.0004258783784,0.003683457217,,,,,VRU-2_D_3_R2_20201220_15155717.tif,0.52,0.244,0.5307692308
Vru42.3,Drought,173,Vru42,rupestris ,4,2020,12/17/2020,,10.8,,14.1,,10.5,9.6712,9.6113,,,0.181,0.126,5.26,18.8,29.42104,12.7141,16.7070,16.7070,,,,,,,,,,,,
Vru42.4,Drought,174,Vru42,rupestris ,5,2020,12/18/2020,,8.9,,14,,,,,,,0.097,0.087,4.78,9.8,,,,,,,,,,,,,Vru-4_D_B5_R1_20210111_12415612.tif,1.958,1.472,0.2482124617
Vru42.4,Drought,174,Vru42,rupestris ,5,2020,12/18/2020,,8.9,,14,,,,,,,0.097,0.087,4.78,9.8,,,,,,,,,,,,,Vru-4_D_B5_R2_20210111_12445285.tif,3.972,2.86,0.279959718
Vru42.4,Drought,174,Vru42,rupestris ,5,2020,12/18/2020,,8.9,,14,,,,,,,0.097,0.087,4.78,9.8,,,,,,,,,,,,,Vru-4_D_B5_R3_20210111_12483125.tif,3.849,2.404,0.3754221876
Vru42.5,Drought,175,Vru42,rupestris ,2,2020,12/15/2020,,6.8,,10.7,VRU-5_D_06_10X_BF01,10.6,10.8426,11.6887,,,0.357,0.089,4.17,13.2,23.22340,7.1611,16.0623,16.0623,,,,,,,,,,,,
Vru42.6,Control,176,Vru42,rupestris ,2,2020,12/15/2020,,5.1,,18,,7.8,9.5528,,,,0.376,0.488,8.03,13.2,26.30824,7.1611,19.1472,19.1472,,,,,,,,,,,,
Vru42.6,Control,176,Vru42,rupestris ,2,2020,12/15/2020,,5.1,,18,,7.8,9.5528,,,,0.376,0.488,8.03,13.2,26.30824,7.1611,19.1472,,,,,,,,,,VRU-6_C_2_R1_20201220_15284145.tif,1.807,0.997,0.4482567792
Vru42.6,Control,176,Vru42,rupestris ,2,2020,12/15/2020,,5.1,,18,,7.8,9.5528,,,,0.376,0.488,8.03,13.2,26.30824,7.1611,19.1472,,,,,,,,,,VRU-6_C_2_R3_20201220_15371867.tif,1.671,0.9,0.4614003591
Vru42.6,Control,176,Vru42,rupestris ,2,2020,12/15/2020,,5.1,,18,,7.8,9.5528,,,,0.376,0.488,8.03,72.7,26.30824,7.1611,19.1472,,,,,,,,,,VRU-6_C_2_R2_20201220_15342187.tif,0.785,0.37,0.5286624204
Vru42.7,Control,177,Vru42,rupestris ,5,2020,12/18/2020,,10,,12.2,VRU-7_C_04_10X_BF,9.48,,,,,0.234,0.397,7.32,69.2,41.97000,12.7141,29.2559,29.2559,,,,,,,,,Vru-7_C_B5_R6_20210111_13121793.tif,2.157,1.385,0.357904497
Vru42.7,Control,177,Vru42,rupestris ,5,2020,12/18/2020,,10,,12.2,VRU-7_C_04_10X_BF,9.48,,,,,0.234,0.397,7.32,69.2,41.97000,12.7141,29.2559,29.2559,,,,,,,,,Vru-7_C_B5_R1_20210111_13074815.tif,2.768,1.749,0.3681358382
Vru42.7,Control,177,Vru42,rupestris ,5,2020,12/18/2020,,10,,12.2,VRU-7_C_04_10X_BF,9.48,,,,,0.234,0.397,7.32,69.2,41.97000,12.7141,29.2559,29.2559,,,,,,,,,Vru-7_C_B5_R3_20210111_13185626.tif,2.301,1.327,0.4232942199
Vru42.7,Control,177,Vru42,rupestris ,5,2020,12/18/2020,,10,,12.2,VRU-7_C_04_10X_BF,9.48,,,,,0.234,0.397,7.32,69.2,41.97000,12.7141,29.2559,29.2559,,,,,,,,,Vru-7_C_B5_R2_20210111_13161011.tif,2.95,1.602,0.4569491525
Vru42.7,Control,177,Vru42,rupestris ,5,2020,12/18/2020,,10,,12.2,VRU-7_C_04_10X_BF,9.48,,,,,0.234,0.397,7.32,69.2,41.97000,12.7141,29.2559,29.2559,,,,,,,,,Vru-7_C_B5_R4_20210111_13240998.tif,1.665,0.864,0.4810810811
Vru42.7,Control,177,Vru42,rupestris ,5,2020,12/18/2020,,10,,12.2,VRU-7_C_04_10X_BF,9.48,,,,,0.234,0.397,7.32,69.2,41.97000,12.7141,29.2559,29.2559,,,,,,,,,Vru-7_C_B5_R5_20210111_13283036.tif,3.896,1.962,0.4964065708
Vru42.8,Control,178,Vru42,rupestris ,3,2020,12/16/2020,,6.3,,13.3,,,,10.7976,,,0.330,0.476,6.50,59.6,38.07585,12.7141,25.3618,25.3618,62,0.89731,0.01447274194,0.03538041241,,,,,,,,
Vru42.9,Control,179,Vru42,rupestris ,4,2020,12/17/2020,,5.8,,10.4,Vru-9_C_ALS,10.42,9.9214,10.3169,,,,,,53.8,24.89710,7.1611,17.7360,17.7360,,,,,,,,,,,,